city_town,Ward,Pct,PVI,PVI_N
Fairhaven,-,1,D+9,8.537276719568442
Fairhaven,-,2,D+5,4.519144582232137
Fairhaven,-,3,R+1,-0.7645002494240716
Fairhaven,-,4,D+1,1.4887902423349253
Fairhaven,-,5,R+2,-1.949920970281288
Fairhaven,-,6,R+1,-1.0963604560233264
Marion,-,1,D+12,12.02633774130174
Mattapoisett,-,1,D+5,4.95170802343603
New Bedford,3,A,D+21,21.16521635100803
New Bedford,4,D,D+21,21.224192358566974
New Bedford,4,E,D+15,14.88185487703072
New Bedford,1,A,D+4,3.9919938126588117
New Bedford,1,B,D+3,3.0131987478755007
New Bedford,1,C,D+4,4.073254411867411
New Bedford,2,A,D+20,19.89387530526119
New Bedford,2,B,D+14,13.946792071246106
New Bedford,2,C,D+10,9.946228240196664
New Bedford,2,D,D+4,3.852994396244147
New Bedford,2,E,D+5,4.818391458728599
New Bedford,2,F,D+8,7.540752693156982
New Bedford,3,B,D+24,23.557319197656334
New Bedford,3,C,D+16,15.591376585696025
New Bedford,4,A,D+29,29.17688467257755
New Bedford,4,B,D+24,24.46654872994167
New Bedford,4,C,D+27,26.81169811935615
New Bedford,4,F,D+23,22.76634400369606
New Bedford,5,A,D+17,16.534990649011995
New Bedford,5,B,D+22,21.909937636609257
New Bedford,5,C,D+10,10.151034124704594
New Bedford,5,D,D+21,20.826690938919047
New Bedford,5,E,D+11,11.425369782242345
New Bedford,5,F,D+13,12.659141055353851
New Bedford,6,A,D+8,8.115720765295775
New Bedford,6,B,D+8,7.989926922079005
New Bedford,6,C,D+22,22.19045910739199
New Bedford,6,D,D+14,14.4257174660546
New Bedford,6,E,D+16,15.947877570729274
New Bedford,6,F,D+15,14.697241914760262
New Bedford,1,D,D+1,0.8504046298618562
New Bedford,1,E,D+7,6.583959224296354
New Bedford,1,F,R+2,-2.4683849987795714
New Bedford,3,D,D+15,14.602889403531883
New Bedford,3,E,D+11,10.838748354085492
New Bedford,3,F,D+14,13.91990969247453
Rochester,-,1,R+6,-6.14547800514087
Lynn,1,3,D+10,10.450508516588231
Lynn,1,4,D+15,15.471045479837075
Lynn,2,1,D+9,9.424501660583473
Lynn,2,2,D+23,22.995587107231863
Lynn,2,3,D+30,30.330855019916047
Lynn,2,4,D+26,26.345525389223866
Lynn,3,1,D+15,14.8004010103584
Lynn,3,2,D+24,23.831292671378023
Lynn,3,3,D+21,20.970024935235166
Lynn,4,1,D+32,31.663725728720394
Lynn,4,2,D+30,29.668430308767448
Lynn,5,2,D+30,29.647857041639814
Lynn,5,3,D+31,30.508000095705658
Lynn,4,3,D+24,24.34018445343521
Lynn,5,1,D+19,19.21138460419699
Lynn,5,4,D+21,21.39416984700698
Lynn,6,1,D+24,24.37617255113572
Lynn,6,2,D+26,25.97292007333325
Lynn,6,3,D+24,23.80616527431698
Lynn,6,4,D+24,24.110353897527947
Lynn,7,1,D+16,15.69011237313771
Lynn,7,2,D+18,17.756363583422708
Lynn,7,3,D+17,16.556175687078856
Lynn,7,4,D+17,17.22260733491847
Lynn,3,4,D+25,25.233493564454555
Lynn,4,4,D+23,22.987113322106943
Lynn,1,1,D+2,1.8497642514803236
Lynn,1,2,D+5,5.434040960741737
Springfield,1,A,D+34,33.93309684164589
Springfield,1,B,D+34,33.829201786612096
Springfield,1,C,D+33,33.25428889462603
Springfield,1,D,D+35,35.37133524183734
Springfield,1,E,D+32,32.237861789903235
Springfield,1,F,D+35,35.37979496750052
Springfield,1,G,D+35,34.80233159925237
Springfield,1,H,D+36,35.70109740526433
Springfield,3,B,D+35,35.41766411904255
Springfield,3,C,D+33,33.25992587320551
Springfield,3,D,D+36,35.75428889462603
Springfield,3,E,D+33,33.46555650025983
Springfield,3,F,D+30,29.835773947663636
Springfield,3,G,D+32,31.716251408407725
Springfield,3,H,D+29,29.04169046942918
Springfield,6,A,D+30,29.67977485574914
Springfield,6,B,D+23,22.91007675796106
Springfield,6,F,D+29,29.070615425238277
Springfield,2,H,D+20,20.2337233419268
Springfield,3,A,D+34,34.11908257329153
Springfield,4,A,D+38,37.68414155317824
Springfield,4,B,D+38,38.2356205685526
Springfield,4,C,D+41,40.524025736731296
Springfield,4,D,D+41,40.8662291931335
Springfield,4,E,D+41,40.90257627975552
Springfield,4,F,D+39,39.2220308301099
Springfield,4,G,D+38,38.49663583340154
Springfield,4,H,D+42,41.99968992479527
Springfield,5,A,D+38,37.55415679422973
Springfield,5,B,D+29,28.774431678919754
Springfield,5,E,D+31,30.661696302033437
Springfield,5,F,D+24,24.263678565987533
Springfield,6,E,D+28,27.860050835490323
Springfield,7,A,D+15,15.015652530989666
Springfield,8,C,D+31,30.81953042710799
Springfield,6,C,D+21,21.072685121041125
Springfield,6,D,D+11,10.509608043562203
Springfield,6,G,D+23,22.78430708747018
Springfield,6,H,D+15,15.420633188629896
Springfield,7,B,D+13,12.980989641775064
Springfield,7,C,D+13,12.998665172744639
Springfield,7,D,D+10,9.579266513247342
Springfield,7,E,D+25,24.685874186970814
Springfield,7,G,D+6,6.374938546598186
Springfield,2,E,D+19,18.707593099978293
Springfield,8,E,D+22,22.486498632453745
Springfield,8,F,D+16,16.46549579117775
Springfield,8,G,D+19,19.10052212476019
Springfield,2,A,D+29,29.476674756187148
Springfield,2,B,D+24,24.00737531437912
Springfield,2,C,D+25,25.064822910719663
Springfield,2,D,D+23,22.540003180340317
Springfield,2,F,D+26,25.999672762458882
Springfield,2,G,D+17,17.158398483667124
Springfield,5,C,D+22,21.771364988095176
Springfield,5,D,D+12,12.283687943480325
Springfield,5,G,D+9,9.13756965172382
Springfield,5,H,D+11,10.684921525036684
Springfield,7,F,D+12,11.695584441184737
Springfield,7,H,D+16,15.69823508296684
Springfield,8,A,D+17,16.686492284456534
Springfield,8,B,D+23,22.97248535195292
Springfield,8,D,D+25,25.416918652411503
Springfield,8,H,D+27,26.666624702735685
Newton,1,1,D+20,20.002036642373778
Newton,1,4,D+19,19.4205588708246
Newton,1,2,D+35,34.50988655222162
Newton,1,3,D+37,36.84398933218914
Newton,2,1,D+29,29.30968056948673
Newton,2,2,D+32,32.34194968547882
Newton,2,3,D+36,35.823753650402566
Newton,2,4,D+36,36.11677021002214
Newton,3,1,D+30,30.050030949547345
Newton,3,2,D+36,36.42498233673459
Newton,3,3,D+25,24.62533245463856
Newton,3,4,D+24,24.210055087359052
Newton,4,1,D+30,29.828713095382298
Newton,4,2,D+35,35.43283408198826
Newton,4,3,D+31,31.16934680968394
Newton,4,4,D+26,25.656795858414327
Newton,7,2,D+34,34.26627861772052
Newton,5,1,D+30,29.844546774282186
Newton,5,2,D+36,36.2489679767677
Newton,5,3,D+36,36.450465120727436
Newton,5,4,D+37,36.658422074878615
Newton,6,1,D+27,27.31578907237221
Newton,6,2,D+37,36.967096139127975
Newton,6,3,D+39,38.67345057127274
Newton,6,4,D+38,37.980316291886304
Newton,7,1,D+31,31.08594998715669
Newton,7,3,D+34,34.35005316718588
Newton,7,4,D+31,30.61862997989735
Newton,8,1,D+23,22.82239991133518
Newton,8,2,D+24,23.745689386026527
Newton,8,3,D+26,26.472414854687475
Newton,8,4,D+23,23.02991478031332
Waltham,4,2,D+14,14.30029108520653
Waltham,5,1,D+20,19.770502742128215
Waltham,6,2,D+24,23.760146189620702
Waltham,7,2,D+31,30.533823004443008
Waltham,8,1,D+29,28.809844450181586
Waltham,8,2,D+25,25.203327031649316
Waltham,9,1,D+31,30.719346073787403
Waltham,9,2,D+27,26.6952688500826
Waltham,1,1,D+16,15.669418539106116
Waltham,1,2,D+13,12.74230632381993
Waltham,2,1,D+16,16.482770073883724
Waltham,2,2,D+24,24.358277498614633
Waltham,3,1,D+6,6.004973144439418
Waltham,3,2,D+14,13.998512430359511
Waltham,4,1,D+13,12.642778103259122
Waltham,5,2,D+26,26.31551338442195
Waltham,6,1,D+24,24.358706565308765
Waltham,7,1,D+18,17.818198669062124
Watertown,-,10,D+23,22.747189503145304
Watertown,-,11,D+19,19.455446637028338
Watertown,-,12,D+24,24.003814511324318
Watertown,-,1,D+24,24.000710162519688
Watertown,-,2,D+28,27.601725251743282
Watertown,-,3,D+30,30.306406158469677
Watertown,-,4,D+33,32.8766453900943
Watertown,-,5,D+30,30.198286319795
Watertown,-,6,D+29,28.849697789891447
Watertown,-,7,D+26,25.694436224276117
Watertown,-,8,D+27,26.79224578309838
Watertown,-,9,D+27,26.906411995522017
Franklin,-,1,D+8,8.287853986930038
Franklin,-,2,D+9,8.733464891043408
Franklin,-,3,D+8,7.5459172294926375
Franklin,-,4,D+7,6.794818508533451
Franklin,-,5,D+11,10.516510207778007
Franklin,-,6,D+12,12.09736735539565
Franklin,-,7,D+12,11.787580999346703
Franklin,-,8,D+5,4.8402816125527774
Medway,-,2,D+10,9.587269587564407
Medway,-,3,D+10,10.369171401153443
Medway,-,4,D+9,8.530715820656232
Medway,-,1,D+7,6.937256385595747
Brockton,4,B,D+27,26.976121181290235
Brockton,4,C,D+19,19.32749429618964
Brockton,5,B,D+21,20.62270994725761
Brockton,5,C,D+30,29.541068023696248
Brockton,5,D,D+17,17.152997256284763
Brockton,6,A,D+27,27.24400726744677
Brockton,6,B,D+14,14.11385305927494
Brockton,6,C,D+21,21.353080650134203
Brockton,6,D,D+11,10.754288894626029
Brockton,1,A,D+32,32.09976738452946
Brockton,1,B,D+23,23.348628517267546
Brockton,1,C,D+22,22.218561034496798
Brockton,1,D,D+14,14.034283352924726
Brockton,3,D,D+13,13.145626513236374
Brockton,7,C,D+32,31.633790279667583
Brockton,7,D,D+22,22.038948599343357
Brockton,2,A,D+39,39.218812176222485
Brockton,2,B,D+37,37.395100350473285
Brockton,2,C,D+36,36.468574608911744
Brockton,2,D,D+27,26.84960662037854
Brockton,3,A,D+28,27.651683031433848
Brockton,3,B,D+33,33.02889791026541
Brockton,3,C,D+16,15.927359952875497
Brockton,4,A,D+35,35.24335049508659
Brockton,4,D,D+20,19.589319814960692
Brockton,5,A,D+34,33.62426775297698
Brockton,7,A,D+34,34.29547882597615
Brockton,7,B,D+30,30.492556042640473
East Bridgewater,-,1,R+6,-5.6609871002391845
East Bridgewater,-,2,R+6,-5.957978857982776
East Bridgewater,-,3,R+5,-4.71894019800605
East Bridgewater,-,4,R+4,-4.345017956880238
West Bridgewater,-,1,R+6,-5.604573508017352
West Bridgewater,-,2,R+5,-4.821107930770796
Boston,20,1,D+29,28.608420429196013
Boston,20,5,D+17,16.543015577513298
Boston,20,6,D+22,22.164091354558945
Boston,20,7,D+25,24.639831063300733
Boston,20,10,D+17,16.579931610512645
Boston,20,11,D+24,23.54668655544474
Boston,20,12,D+19,18.601109703874585
Boston,20,13,D+17,17.26569573873249
Boston,20,14,D+17,17.012458829266553
Boston,20,15,D+14,14.19734939284667
Boston,20,16,D+11,11.259867695183912
Boston,20,17,D+16,16.462919754607398
Boston,20,18,D+24,24.43866789590644
Boston,20,19,D+18,18.170556837209762
Boston,20,20,D+22,21.55891752756467
Boston,11,1,D+44,44.00408841347125
Boston,11,2,D+44,44.26379008227449
Boston,11,3,D+43,43.07136206535773
Boston,11,4,D+44,43.59957695261916
Boston,11,5,D+42,41.81574769696732
Boston,11,6,D+43,43.471680198973864
Boston,11,7,D+43,42.74852705083602
Boston,11,8,D+43,43.38845705205
Boston,11,9,D+43,42.62474894305218
Boston,11,10,D+45,44.98120633478236
Boston,12,7,D+44,43.51026159087177
Boston,12,9,D+44,43.97500961534675
Boston,14,3,D+45,44.790236607044335
Boston,19,6,D+45,44.60666329242369
Boston,19,7,D+42,41.82991297685804
Boston,19,9,D+42,41.968574608911744
Boston,19,10,D+37,36.63619073511683
Boston,19,11,D+41,40.79425337064735
Boston,19,13,D+37,36.9084832217232
Boston,16,8,D+23,23.052580304213123
Boston,16,11,D+18,18.000247324187235
Boston,17,4,D+38,37.646593820911534
Boston,17,10,D+44,43.55566525912532
Boston,17,11,D+44,43.97367058309214
Boston,17,12,D+42,41.52003835154131
Boston,17,13,D+31,30.958691410349303
Boston,17,14,D+36,36.125189467244454
Boston,18,1,D+44,43.58139169836435
Boston,18,2,D+46,45.50428889462603
Boston,18,3,D+46,45.91742822443202
Boston,18,4,D+44,43.93250883472016
Boston,18,5,D+44,44.021484661821795
Boston,18,6,D+45,44.68162153423755
Boston,18,21,D+45,44.56747779618438
Boston,7,9,D+26,25.74215297229593
Boston,13,6,D+38,38.03653345073993
Boston,13,7,D+26,26.064939782199993
Boston,13,8,D+28,27.85992269744293
Boston,13,9,D+32,32.41625711605094
Boston,13,10,D+23,22.783678060972555
Boston,15,6,D+16,16.37310077581415
Boston,16,1,D+26,26.10896017490285
Boston,16,2,D+20,19.92350788390628
Boston,16,3,D+32,32.29255676975191
Boston,16,4,D+31,30.573788610373608
Boston,16,5,D+27,26.721990446954525
Boston,16,6,D+30,29.54461147527119
Boston,16,7,D+14,14.350545579118013
Boston,16,9,D+5,4.941622818452429
Boston,16,10,D+11,11.130372525426646
Boston,16,12,R+1,-0.6774463841650036
Boston,17,3,D+43,42.51324654934916
Boston,17,5,D+44,44.09891400754382
Boston,18,9,D+32,32.41314654745958
Boston,18,10,D+35,34.699613293042106
Boston,18,11,D+38,38.05020726197297
Boston,18,12,D+32,31.645744866727167
Boston,18,13,D+37,37.433393372237965
Boston,18,14,D+38,37.815875533456925
Boston,18,15,D+41,41.19161349705821
Boston,18,16,D+21,21.032511472688476
Boston,18,17,D+32,32.04633782428964
Boston,18,18,D+32,32.29000318034031
Boston,18,19,D+33,33.071609598279615
Boston,18,20,D+20,19.809407004862244
Boston,18,22,D+23,23.177719216218684
Boston,18,23,D+39,39.04777821303905
Boston,20,3,D+19,18.632267530616165
Boston,20,8,D+29,28.520955561292695
Boston,20,9,D+27,27.206715612550102
Boston,10,1,D+41,41.05186281426212
Boston,10,2,D+38,38.38479460425083
Boston,10,3,D+38,38.36325788037623
Boston,10,4,D+33,32.78064980332728
Boston,10,5,D+38,38.380200094095876
Boston,10,6,D+41,41.12006882207464
Boston,10,7,D+43,43.3896720979303
Boston,10,8,D+41,41.325974917853905
Boston,10,9,D+43,43.18650322645301
Boston,19,1,D+45,44.98878960451718
Boston,19,2,D+30,30.274973063281564
Boston,19,3,D+42,41.64364463692295
Boston,19,4,D+45,45.427855773606915
Boston,19,5,D+41,41.2741628645727
Boston,19,8,D+43,43.28622643898373
Boston,20,2,D+33,32.84151947616324
Boston,20,4,D+38,37.598551189708
Boston,21,3,D+39,38.80698812341781
Boston,21,5,D+41,40.59972559727568
Boston,21,6,D+37,37.46105092323461
Boston,21,7,D+39,39.1404923185938
Boston,21,8,D+41,40.865753862778895
Boston,21,9,D+38,37.74114746784255
Boston,21,10,D+35,34.724278721686055
Boston,21,11,D+38,38.363716504053635
Boston,21,12,D+30,30.477511216858254
Boston,21,15,D+40,39.56844569101633
Boston,22,2,D+36,36.15855797612668
Boston,22,3,D+31,30.81801257397586
Boston,22,6,D+33,33.4021806504473
Boston,22,9,D+28,27.59008225255961
Boston,22,10,D+33,32.86967351001064
Boston,21,2,D+40,40.460523906616444
Boston,21,4,D+41,41.06224604841333
Boston,21,13,D+22,21.902937543274682
Boston,21,14,D+39,39.132437294898324
Boston,21,16,D+32,31.91765523125969
Boston,22,1,D+38,37.63416264137687
Boston,22,4,D+33,33.156971693153125
Boston,22,5,D+32,32.384190855410345
Boston,22,7,D+35,34.98455775845951
Boston,22,8,D+26,26.201271410136464
Boston,22,11,D+30,30.10684087950316
Boston,22,12,D+30,29.898648359253176
Boston,22,13,D+32,31.681651376995568
Boston,1,1,D+29,29.345720201471416
Boston,1,2,D+29,28.751671093578913
Boston,1,3,D+31,30.855825667403202
Boston,1,4,D+31,31.474755410803613
Boston,1,5,D+29,28.87102898273176
Boston,1,6,D+29,29.476153846394514
Boston,1,7,D+29,28.66417436780264
Boston,1,8,D+28,28.335042595837333
Boston,1,9,D+29,28.530423016913996
Boston,1,10,D+26,26.254288894626033
Boston,1,11,D+15,15.133895774232908
Boston,1,12,D+12,11.729116140430573
Boston,1,13,D+20,19.783875794514383
Boston,1,14,D+14,13.792287389735137
Boston,2,1,D+24,24.313220754662858
Boston,2,2,D+28,28.27397393399611
Boston,2,3,D+30,30.277238320890376
Boston,2,4,D+29,29.039318561444837
Boston,2,5,D+26,25.56891815314306
Boston,2,6,D+23,22.55320014503843
Boston,2,7,D+25,24.779745559997192
Boston,3,1,D+23,22.53640476364366
Boston,3,2,D+23,23.49639415778393
Boston,3,3,D+25,24.679259813586864
Boston,3,4,D+23,23.14924687781931
Boston,3,6,D+29,28.78349508533996
Boston,3,7,D+40,40.025045691099216
Boston,3,8,D+34,34.28311195307279
Boston,4,1,D+39,38.910766838356494
Boston,4,3,D+40,40.22583361007318
Boston,5,1,D+37,36.68673990872022
Boston,1,15,D+48,48.25428889462603
Boston,6,1,D+28,28.23050768178418
Boston,6,2,D+26,25.505961565753154
Boston,6,3,D+23,23.28074392108106
Boston,6,4,D+20,20.37215261469969
Boston,6,5,D+20,20.28121484825356
Boston,6,6,D+14,14.14644145929065
Boston,6,7,D+15,15.026315761477072
Boston,6,8,D+14,14.024353970547942
Boston,6,9,D+8,7.791861148961288
Boston,7,1,D+12,12.300309987626989
Boston,7,2,D+15,14.945933705416593
Boston,7,3,D+15,15.026329639269509
Boston,7,4,D+20,20.02091476161909
Boston,7,5,D+26,25.815264504382128
Boston,7,6,D+24,24.24387222795936
Boston,7,7,D+31,31.101511116848258
Boston,7,8,D+27,26.810206375624944
Boston,13,3,D+36,36.32768339003888
Boston,7,10,D+41,41.00353360761697
Boston,8,5,D+41,41.378534974240026
Boston,8,6,D+38,38.45966014265131
Boston,8,7,D+43,42.87794480860453
Boston,12,6,D+43,42.86457081834079
Boston,13,1,D+43,42.744647021347795
Boston,13,2,D+42,42.00428889462603
Boston,13,4,D+42,41.985175744778935
Boston,13,5,D+41,41.309844450181586
Boston,14,1,D+43,42.76585258119835
Boston,15,1,D+43,42.52949897865964
Boston,15,2,D+44,43.974133252602684
Boston,15,3,D+41,40.806181446518586
Boston,15,4,D+36,35.926666663117466
Boston,15,5,D+42,41.85184987023579
Boston,15,7,D+42,42.323357963695095
Boston,15,8,D+28,27.92642004216701
Boston,15,9,D+31,30.908106537324322
Boston,17,1,D+42,42.48634791541745
Boston,17,2,D+40,39.55863672071298
Boston,14,2,D+44,43.637924679407945
Boston,14,4,D+43,43.22035224304231
Boston,14,5,D+46,45.71621782863618
Boston,14,6,D+43,42.957223755041205
Boston,14,7,D+44,43.60312610392836
Boston,14,8,D+45,44.96031748381186
Boston,14,9,D+44,43.835096975434105
Boston,14,10,D+43,43.32760267761723
Boston,14,11,D+43,43.48616348639611
Boston,14,12,D+45,45.142255699605286
Boston,14,13,D+45,44.775384379452085
Boston,14,14,D+45,45.458863227535815
Boston,17,6,D+42,41.70964108541915
Boston,17,7,D+44,43.86557416108371
Boston,17,8,D+43,42.901644058353995
Boston,17,9,D+42,41.87285307156584
Boston,18,7,D+37,37.228880546168675
Boston,18,8,D+39,39.04658011518277
Boston,19,12,D+37,36.807548036120465
Boston,4,8,D+34,34.10914744321152
Boston,4,9,D+43,42.839441733053974
Boston,4,10,D+39,39.093983551114576
Boston,5,2A,D+36,36.19970208643801
Boston,9,4,D+42,41.62534790836896
Boston,9,5,D+44,44.397043040264094
Boston,12,1,D+44,43.76710940744655
Boston,12,2,D+44,44.1572324109347
Boston,12,3,D+44,43.92858914907896
Boston,12,4,D+43,42.56546093026687
Boston,12,5,D+45,44.802512244879836
Boston,12,8,D+43,43.49238413272126
Boston,21,1,D+41,40.711810651774805
Boston,3,5,D+31,30.721414755615385
Boston,4,6,D+35,35.26423623225037
Boston,5,3,D+35,34.584670103713435
Boston,5,4,D+37,37.23439625174634
Boston,5,5,D+33,32.898483651180335
Boston,5,6,D+31,31.399919962587198
Boston,5,7,D+32,32.246814587556585
Boston,5,8,D+32,32.47588777260639
Boston,5,9,D+35,34.50723469195517
Boston,5,11,D+35,34.767257194337844
Boston,4,2,D+33,33.39754212937649
Boston,4,4,D+41,41.08743559115459
Boston,4,5,D+37,37.00366106941257
Boston,4,7,D+39,39.41230372634309
Boston,5,2,D+40,39.90035908740902
Boston,5,10,D+34,33.7527783206079
Boston,8,1,D+39,39.3078498128132
Boston,8,2,D+39,39.14003985739881
Boston,8,3,D+42,42.21402043825019
Boston,8,4,D+43,43.051976755897705
Boston,9,1,D+39,38.86443152537088
Boston,9,2,D+41,40.76915423215664
Boston,9,3,D+43,42.87438068452914
Brookline,-,14,D+34,33.71301621381847
Brookline,-,15,D+28,27.705992712202253
Brookline,-,16,D+32,31.65313981691209
Brookline,-,2,D+37,37.079503794339495
Brookline,-,3,D+39,38.59519798553512
Brookline,-,4,D+35,35.246881487218616
Brookline,-,6,D+40,40.289458276575864
Brookline,-,7,D+39,38.67732062200558
Brookline,-,8,D+41,41.02071628280935
Brookline,-,9,D+38,38.40017383819884
Brookline,-,10,D+37,37.42140919947089
Brookline,-,11,D+38,38.28270532448912
Brookline,-,12,D+38,38.15857330665885
Brookline,-,13,D+38,37.75835606859611
Brookline,-,5,D+38,38.09043840819489
Brookline,-,1,D+39,38.97447107509856
Hopedale,-,1,D+8,7.689914996918801
Mendon,-,1,R+1,-0.8327599376457329
Milford,-,1,D+9,8.522559014885045
Milford,-,2,D+9,8.776465679778589
Milford,-,3,D+5,5.262784040257095
Milford,-,4,D+9,9.428904582446284
Milford,-,5,D+7,6.879625821849745
Milford,-,6,D+10,9.531383212142142
Milford,-,7,D+7,6.752312610041045
Milford,-,8,D+10,10.491865296433101
Acushnet,-,1,R+3,-3.43857688530142
Acushnet,-,2,R+9,-8.541206370283106
Acushnet,-,3,R+7,-6.979732242767023
Nahant,-,1,D+12,11.816868988602957
Dedham,-,1,D+26,25.631571322892565
Dedham,-,2,D+14,14.443609282975544
Dedham,-,3,D+16,15.960419972850126
Dedham,-,4,D+16,16.019582277896937
Dedham,-,5,D+11,10.646454900688052
Dedham,-,6,D+16,15.81938711299058
Dedham,-,7,D+8,8.225282368157572
Walpole,-,8,D+3,3.0461837467618436
Walpole,-,1,D+9,9.169284658534526
Walpole,-,2,D+4,3.718839700871235
Walpole,-,6,D+7,6.512864092515214
Walpole,-,7,D+4,4.0632505259649125
Walpole,-,3,D+6,5.7321419430887754
Walpole,-,4,D+11,11.39989729847779
Walpole,-,5,D+4,4.1413088882788385
Westwood,-,1,D+15,14.709583758291211
Westwood,-,2,D+14,14.179757290755324
Westwood,-,3,D+16,15.703664163906517
Westwood,-,4,D+7,6.600350426373791
Easton,-,1,D+7,7.460065067911225
Easton,-,2,D+8,8.361218773301749
Easton,-,3,D+6,5.51102980904572
Easton,-,4,D+8,8.120869484253745
Easton,-,5,D+9,9.314688972311014
Easton,-,6,D+3,3.2630762408474734
Shrewsbury,-,1,D+9,8.797455156493994
Shrewsbury,-,2,D+11,11.059497793161022
Shrewsbury,-,3,D+9,8.51360818149799
Shrewsbury,-,4,D+9,9.247196696044469
Shrewsbury,-,5,D+17,16.628793316705938
Shrewsbury,-,6,D+13,12.70830460275879
Shrewsbury,-,7,D+11,10.800214980642886
Shrewsbury,-,8,D+12,12.46035490711488
Shrewsbury,-,9,D+16,16.255706329069685
Shrewsbury,-,10,D+14,13.713606479927865
Westborough,-,4,D+19,19.436200508192314
Westborough,-,5,D+18,17.792285440394593
Westborough,-,1,D+20,19.955115935258895
Westborough,-,3,D+20,20.051184448427662
Westborough,-,2,D+20,20.105653577296202
Berkley,-,1,R+7,-6.946925987682246
Berkley,-,2,R+10,-9.684753195359457
Lakeville,-,1,R+7,-7.1748478849930635
Lakeville,-,2,R+9,-9.129777692769931
Lakeville,-,3,R+5,-4.826884076049703
Middleborough,-,2,R+1,-1.3416162777877605
Middleborough,-,4,R+4,-3.9858544745495994
Middleborough,-,5,R+11,-10.747054589476074
Middleborough,-,1,R+6,-6.158035182970012
Middleborough,-,3,R+9,-8.826470656963997
Middleborough,-,6,R+9,-9.45954004222449
Taunton,3,B,D+4,4.293340498531196
Taunton,4,A,R+2,-2.4409602363125558
Taunton,4,B,D+4,3.690136103245034
Taunton,1,A,D+9,9.327085829491931
Taunton,1,B,EVEN,-0.1522571863386557
Taunton,2,A,D+17,17.496562075084654
Taunton,2,B,D+12,11.591783692794987
Taunton,3,A,D+9,8.658400911641273
Taunton,5,A,D+10,10.051163894626026
Taunton,5,B,D+11,11.331846650401612
Taunton,7,A,D+3,3.3271751920021186
Taunton,7,B,R+3,-3.1817424369666614
Taunton,8,A,D+1,1.176099594214508
Taunton,8,B,D+1,1.02705133981561
Taunton,6,A,D+7,6.859153511422722
Taunton,6,B,D+7,7.149600391093591
Peabody,1,1,D+7,6.909645476467063
Peabody,1,2,EVEN,0.2520219634840615
Peabody,1,3,EVEN,0.20303422297627272
Peabody,2,1,D+18,18.18258918986011
Peabody,2,2,D+15,14.573733339070472
Peabody,2,3,D+4,3.86945341536995
Peabody,3,1,D+16,16.07731554118209
Peabody,3,2,D+10,9.665404385363118
Peabody,3,3,D+6,6.366586517774497
Peabody,4,1,D+6,5.6715074376723855
Peabody,4,2,D+6,6.095429424157595
Peabody,4,3,D+4,4.0909766462074
Peabody,4,3A,D+21,20.806163667105093
Peabody,5,1,EVEN,-0.15101734302568337
Peabody,5,3,D+2,2.2443138322818856
Peabody,5,2,R+2,-2.3430406907569648
Peabody,6,1,R+6,-5.671388668939215
Peabody,6,2,R+5,-5.084727871500711
Peabody,6,3,R+6,-5.5279460623940295
East Longmeadow,-,1,D+1,1.0687878285279506
East Longmeadow,-,2,D+1,0.8228214908020282
East Longmeadow,-,3,R+1,-1.0764537651321793
East Longmeadow,-,4,R+4,-4.13860556723395
Wilbraham,-,A,D+1,0.8713052653892328
Wilbraham,-,B,D+2,1.5843930360646352
Wilbraham,-,C,R+4,-3.504747249952284
Wilbraham,-,D,R+1,-1.2373931756142653
Norwood,-,1,D+12,12.13194309078377
Norwood,-,2,D+13,13.353227810599645
Norwood,-,3,D+14,13.74958496546167
Norwood,-,4,D+11,11.223877445609931
Norwood,-,5,D+19,19.408135048472186
Norwood,-,6,D+11,11.341059876133851
Norwood,-,7,D+10,9.742687310019349
Norwood,-,8,D+12,12.450836039380341
Norwood,-,9,D+6,6.133945055084478
Duxbury,-,1,D+10,9.525656415993556
Duxbury,-,2,D+9,9.159161284417216
Duxbury,-,3,D+10,10.030828665594772
Duxbury,-,4,D+9,9.380875090850104
Duxbury,-,5,D+5,5.379782665516341
Duxbury,-,6,D+8,7.883673408193204
Halifax,-,1,R+7,-7.260257349403498
Halifax,-,2,R+2,-2.3807064017051074
Kingston,-,1,D+4,3.6830194068754762
Kingston,-,2,R+2,-1.5059029518967537
Kingston,-,3,R+1,-1.238219563566334
Kingston,-,4,D+1,0.9667925209677741
Plymouth,-,1,D+9,8.56170299950849
Plymouth,-,11,D+1,1.0272897544712611
Plymouth,-,13,D+2,2.356626786112581
Plymouth,-,2,D+7,6.876551668348663
Plymouth,-,3,D+11,11.249269374269089
Plymouth,-,4,D+8,8.229004444562815
Plymouth,-,5,D+1,0.8449048608257237
Plymouth,-,6,D+6,6.4707908481999254
Plymouth,-,7,D+2,2.415111709025286
Plymouth,-,8,D+1,1.0084800550876016
Plymouth,-,10,D+2,1.7402765911400442
Plymouth,-,12,D+1,1.3228050778963163
Plymouth,-,14,R+3,-3.153355875344216
Plymouth,-,15,D+8,8.48183096620697
Plymouth,-,9,R+2,-2.287716525428168
Plympton,-,1,R+3,-3.266951059449746
Milton,-,1,D+34,34.09472738427281
Milton,-,2,D+34,33.764075631406634
Milton,-,3,D+23,23.282347256017722
Milton,-,4,D+27,27.498457775641683
Milton,-,5,D+23,23.069923112915113
Milton,-,6,D+12,11.721869585857103
Milton,-,7,D+12,12.282602922940056
Milton,-,8,D+11,10.877334638690883
Milton,-,9,D+8,7.537769133465955
Milton,-,10,D+33,32.7795921150359
Berlin,-,1,D+9,8.685214116425776
Boylston,-,1,D+6,5.722951847272273
Clinton,-,1,D+10,10.431013032557068
Clinton,-,2,D+9,9.180269431340859
Clinton,-,3,D+7,7.304816379356738
Clinton,-,4,D+6,5.996605679496003
Lancaster,-,1,D+3,3.263740690467243
Lancaster,-,2,D+5,4.774945937931152
Northborough,-,2,D+14,14.467278388417814
Northborough,-,4,D+13,13.261018369726973
Northborough,-,1,D+15,15.070533005014186
Northborough,-,3,D+16,15.765704419740189
Sterling,-,2,R+1,-1.4491512002731355
Sterling,-,1,EVEN,0.39593435688217715
Danvers,-,1,D+10,10.029558263533156
Danvers,-,2,D+7,6.946596586933717
Danvers,-,3,D+5,4.774748123357265
Danvers,-,4,D+8,8.40952822192228
Danvers,-,5,D+3,3.226192144076312
Danvers,-,6,D+1,1.4159984672328818
Danvers,-,7,D+5,5.422793639432388
Danvers,-,8,D+3,2.704970530552253
Middleton,-,2,R+6,-6.08948440887882
Middleton,-,1,R+4,-4.058741174764874
Framingham,-,3,D+23,23.32445985660613
Framingham,-,1,D+20,20.27668820541647
Framingham,-,2,D+22,21.615410531609736
Framingham,-,4,D+23,22.996669951411818
Framingham,-,5,D+20,20.17843320544934
Framingham,-,6,D+20,19.60990635052203
Framingham,-,7,D+23,22.628815050804953
Framingham,-,9,D+24,23.920609420759643
Framingham,-,10,D+26,26.297949683878763
Framingham,-,11,D+22,21.961278723667366
Framingham,-,12,D+23,23.42544361849641
Framingham,-,15,D+26,25.77091860637769
Framingham,-,8,D+25,25.335481083731892
Framingham,-,13,D+24,23.945089873989446
Framingham,-,14,D+28,28.053235759154514
Framingham,-,16,D+27,26.964933572287197
Framingham,-,17,D+35,34.64737744754179
Framingham,-,18,D+23,23.328326406965616
Marlborough,1,1,D+17,17.224191395685807
Marlborough,1,2,D+14,14.43469973118453
Marlborough,2,2,D+17,16.57727026108565
Marlborough,7,1,D+13,13.15773137993249
Marlborough,2,1,D+12,12.218252858589995
Marlborough,3,1,D+14,14.433829604438142
Marlborough,3,2,D+15,15.395899828036907
Marlborough,4,1,D+12,12.367939296108421
Marlborough,4,2,D+12,12.230471494692186
Marlborough,5,1,D+17,17.185246578367675
Marlborough,5,2,D+15,14.84857047262096
Marlborough,6,1,D+15,15.235420970097724
Marlborough,6,2,D+10,9.67739036239884
Marlborough,7,2,D+13,13.307574862654448
Sudbury,-,1,D+25,24.844852060531665
Sudbury,-,1A,D+24,24.41209335431728
Sudbury,-,2,D+25,24.56942843525335
Sudbury,-,3,D+22,22.472713238102482
Sudbury,-,4,D+27,26.900470146017696
Sudbury,-,5,D+24,24.23409173184652
Wayland,-,1,D+29,29.083184472306044
Wayland,-,2,D+27,27.06223591449358
Wayland,-,3,D+29,28.565434010667857
Wayland,-,4,D+28,27.834862846060904
Dover,-,1,D+16,16.16925440215806
Medfield,-,1,D+16,16.30839919639502
Medfield,-,2,D+18,17.646435209849265
Medfield,-,3,D+16,16.11143175176889
Medfield,-,4,D+14,14.270686972092806
Needham,-,A,D+21,21.31713209169741
Needham,-,B,D+23,23.356775912937046
Needham,-,C,D+27,26.91490183446712
Needham,-,D,D+26,25.57955031454898
Needham,-,E,D+25,25.46135149494706
Needham,-,F,D+27,27.252898074041887
Needham,-,G,D+28,27.70367710374727
Needham,-,H,D+25,24.513094008114155
Needham,-,I,D+31,31.403683241866943
Needham,-,J,D+27,26.559808791930262
Quincy,3,3,D+20,20.020202652326237
Quincy,3,4,D+10,9.727283984642398
Quincy,3,5,D+26,26.10320054635459
Quincy,4,1,D+18,18.424207082165367
Quincy,4,3,D+9,9.008478838760103
Quincy,5,2,D+21,21.084625094782407
Quincy,6,1,D+17,16.664989130660647
Quincy,6,2,D+19,18.57886385598615
Quincy,6,3,D+14,13.708834349171484
Quincy,6,4,D+20,19.65917907282744
Quincy,6,5,D+5,5.036542846691305
Quincy,1,1,D+16,15.782096573133387
Quincy,1,2,D+16,15.939878414276688
Quincy,1,3,D+19,18.946944655155097
Quincy,1,4,D+5,4.663097477347655
Quincy,1,5,D+5,4.840710317401253
Quincy,3,1,D+18,17.565666140135015
Quincy,3,2,D+21,20.746914263357596
Quincy,4,2,D+12,12.087923614336704
Quincy,4,4,D+23,22.53632918609624
Quincy,5,1,D+23,22.53798185536179
Quincy,5,3,D+18,18.063717179480598
Quincy,5,4,D+14,14.360846271675209
Quincy,5,5,D+15,14.723648226102348
Quincy,2,1,D+13,13.264569909019453
Quincy,2,2,D+20,19.800277152943057
Quincy,2,3,D+19,19.154610438034393
Quincy,2,3A,D+7,6.571688512216856
Quincy,2,4,D+17,17.424084472431623
Quincy,2,5,D+15,15.112785847909716
Quincy,4,5,D+16,16.070380848649013
Worcester,1,1,D+15,14.599764805319326
Worcester,1,2,D+12,12.25520548491017
Worcester,1,3,D+14,13.935255158682669
Worcester,1,4,D+21,21.2990150366973
Worcester,3,2,D+29,28.71647376857561
Worcester,9,1,D+23,22.7962368213377
Worcester,9,2,D+23,22.603631529452972
Worcester,9,3,D+16,15.538468220302203
Worcester,9,4,D+16,15.590441114499177
Worcester,9,5,D+15,15.392653674500245
Worcester,10,1,D+24,24.025717466054598
Worcester,1,5,D+12,11.871081144356921
Worcester,2,1,D+16,15.925667929035203
Worcester,2,2,D+16,16.098055614797246
Worcester,2,3,D+16,15.650602258681335
Worcester,2,4,D+27,26.823306781902435
Worcester,2,5,D+29,29.01642780058792
Worcester,3,1,D+21,20.8781421056352
Worcester,3,3,D+19,19.249434525693985
Worcester,3,5,D+21,20.85902477805044
Worcester,3,4,D+25,24.97386561420275
Worcester,4,1,D+25,25.433633703065784
Worcester,4,2,D+15,15.425369180460413
Worcester,4,3,D+29,29.410819303399705
Worcester,4,4,D+12,12.380386260946864
Worcester,4,5,D+17,17.112190621053657
Worcester,5,3,D+9,8.893415940612003
Worcester,10,2,D+31,31.18807884896393
Worcester,10,3,D+32,31.656048425417815
Worcester,10,4,D+27,26.56007401859297
Worcester,10,5,D+27,27.020599689406577
Worcester,5,1,D+23,22.95584995982346
Worcester,5,2,D+14,13.50206526057266
Worcester,5,4,D+13,13.49837854768099
Worcester,5,5,D+9,8.990675033239892
Worcester,6,1,D+29,28.523347190590155
Worcester,6,2,D+23,22.811308431200317
Worcester,6,3,D+20,20.376591052899407
Worcester,6,4,D+16,16.360906541684848
Worcester,6,5,D+13,13.499044139381278
Worcester,8,1,D+22,21.789382262301494
Worcester,8,5,D+19,18.994014922023293
Worcester,7,1,D+20,20.076597584639
Worcester,7,2,D+19,18.556763688393218
Worcester,7,3,D+17,16.60099836493101
Worcester,7,4,D+13,13.347328177878959
Worcester,7,5,D+10,9.75349144646016
Worcester,8,2,D+25,25.12725306400714
Worcester,8,3,D+34,34.35404359617959
Worcester,8,4,D+25,24.528897678068738
Attleboro,3,B,D+8,8.397028395037776
Attleboro,1,A,D+1,1.349240817702957
Attleboro,1,B,D+2,2.4429239268462966
Attleboro,2,A,D+5,4.631419185994911
Attleboro,2,B,D+3,3.4035426259693136
Attleboro,3,A,D+9,9.4115424937401
Attleboro,4,A,D+13,12.863772855574428
Attleboro,4,B,D+2,2.440634965901256
Attleboro,5,A,D+15,15.341186688412611
Attleboro,5,B,D+7,7.216147225569536
Attleboro,6,A,D+3,2.6078508999030747
Attleboro,6,B,D+5,5.132311463137585
Mansfield,-,1,D+5,5.147406841074353
Mansfield,-,5,D+12,11.821167875517746
Mansfield,-,2,D+7,7.4938998583749195
Mansfield,-,3,D+8,7.6425641707517755
Mansfield,-,6,D+14,14.012757230413953
Mansfield,-,4,D+10,9.557146037483177
North Attleborough,-,1,D+6,5.872999029282299
North Attleborough,-,2,D+3,2.826132145714566
North Attleborough,-,3,EVEN,-0.2921406848264141
North Attleborough,-,4,D+8,7.6503812569706175
North Attleborough,-,5,D+2,2.3562844600362287
North Attleborough,-,6,D+5,4.960297478317022
North Attleborough,-,7,D+3,2.51345254976284
North Attleborough,-,8,D+3,3.0903544683965167
North Attleborough,-,9,D+1,1.0645599359955016
Haverhill,7,2,D+6,6.434824860775534
Haverhill,2,1,D+9,8.843005166089647
Haverhill,2,2,D+3,2.533964836859215
Haverhill,5,2,EVEN,0.14412188612910048
Haverhill,7,1,D+9,8.936969046332733
Haverhill,4,3,D+3,3.04711511602368
Haverhill,7,3,D+2,1.7865151822702763
Haverhill,1,1,D+15,15.1191537594909
Haverhill,1,2,D+17,17.28211686715946
Haverhill,1,3,D+10,10.002021788278137
Haverhill,2,3,D+16,16.238478617946186
Haverhill,3,1,D+25,25.498283837736015
Haverhill,3,2,D+16,16.259959972130755
Haverhill,3,3,D+12,12.48624993933608
Haverhill,4,1,D+3,2.6923476430296023
Haverhill,4,2,R+1,-1.1018141288902106
Haverhill,5,1,D+8,8.190391131047758
Haverhill,5,3,R+4,-3.8490124898255154
Haverhill,6,1,D+5,4.807436469445436
Haverhill,6,2,D+5,5.1322389957723535
Haverhill,6,3,D+6,5.5687977561460045
Lawrence,A,1,D+27,27.343417200208787
Lawrence,A,3,D+22,21.70328994615074
Lawrence,F,1,D+19,18.91110972633998
Lawrence,A,2,D+33,33.00005160649043
Lawrence,A,4,D+30,29.898929129574636
Lawrence,B,1,D+34,33.54107193702004
Lawrence,B,2,D+37,36.516888364122046
Lawrence,B,3,D+33,32.87394464143336
Lawrence,B,4,D+36,36.05680583557472
Lawrence,C,4,D+34,33.53543553189174
Lawrence,E,2,D+15,15.446831024421659
Lawrence,E,3,D+23,22.918086635346846
Lawrence,E,4,D+27,26.85409028489415
Lawrence,F,2,D+35,35.25677645681509
Lawrence,F,3,D+32,31.509861730292176
Lawrence,F,4,D+28,28.243947632992107
Lawrence,C,1,D+32,31.83919455500339
Lawrence,C,2,D+26,25.89621029200594
Lawrence,C,3,D+36,35.641093551805845
Lawrence,D,1,D+28,27.527373373997342
Lawrence,D,2,D+35,34.74249794497657
Lawrence,D,3,D+33,32.5665565526186
Lawrence,D,4,D+33,33.33180827447099
Lawrence,E,1,D+14,13.595990428796178
Methuen,-,3,D+4,4.45944435569433
Methuen,-,7,D+1,1.035898090028331
Methuen,-,10,D+9,8.662874361396133
Methuen,-,1,D+4,4.482799870558319
Methuen,-,4,D+6,6.258106729368329
Methuen,-,5,D+10,9.804126220860876
Methuen,-,6,D+9,8.926922472060262
Methuen,-,8,R+6,-6.2107151279001185
Methuen,-,9,R+4,-4.098247254100157
Methuen,-,11,R+3,-3.214155179525191
Methuen,-,12,R+2,-1.951190557428767
Methuen,-,2,D+26,25.875772270585106
North Andover,-,1,D+9,8.799597635604373
North Andover,-,2,D+8,8.055837781363683
North Andover,-,3,D+9,9.485990055655813
North Andover,-,4,D+11,10.565739925006312
North Andover,-,5,D+11,10.897369019495962
North Andover,-,6,D+4,4.452264147719398
North Andover,-,7,D+12,11.515813101251005
North Andover,-,8,D+4,4.210291702957414
Acton,-,1,D+27,26.695214594991434
Acton,-,2,D+27,27.24128410338715
Acton,-,6,D+28,27.55735119663236
Acton,-,3,D+29,28.8301680544089
Acton,-,4,D+30,30.03655403948995
Acton,-,5,D+30,29.87400720448519
Carlisle,-,1,D+25,25.448872798475108
Chelmsford,-,1,D+11,11.266746425769858
Chelmsford,-,9,D+10,9.974855371058078
Chelmsford,-,2,D+12,12.274017624589039
Chelmsford,-,3,D+5,4.884870762014392
Chelmsford,-,6,D+10,9.888006035621032
Chelmsford,-,4,D+6,6.244832629850617
Chelmsford,-,5,D+11,10.661152746511327
Chelmsford,-,7,D+10,10.440933090960558
Chelmsford,-,8,D+11,11.029817459628276
Concord,-,1,D+32,32.21389434319343
Concord,-,2,D+31,30.696149359742307
Concord,-,3,D+29,29.21574590436766
Concord,-,4,D+30,30.348222358422504
Concord,-,5,D+32,31.650873334853735
Wellesley,-,A,D+27,27.41481908608405
Wellesley,-,B,D+27,26.65304693410263
Wellesley,-,C,D+19,18.640868033940393
Wellesley,-,D,D+29,29.050021279600468
Wellesley,-,E,D+27,26.624929186140868
Wellesley,-,F,D+27,27.03370652526025
Wellesley,-,G,D+34,34.27827413447842
Wellesley,-,H,D+24,24.374806822912888
Weston,-,1,D+25,25.102880443921805
Weston,-,2,D+22,21.55403700545726
Weston,-,3,D+22,21.854288894626027
Weston,-,4,D+20,19.80943707672197
West Boylston,-,1,D+6,6.00463183015415
West Boylston,-,2,D+5,4.758598375483913
Lexington,-,1,D+30,30.231690024569534
Lexington,-,2,D+34,34.28830859023928
Lexington,-,3,D+32,32.22354500222965
Lexington,-,4,D+32,31.8731577047645
Lexington,-,5,D+27,26.961341335855682
Lexington,-,6,D+30,30.057213852669662
Lexington,-,7,D+28,27.863160824032185
Lexington,-,8,D+30,29.724580938936196
Lexington,-,9,D+29,29.468161726995966
Woburn,1,1,D+13,12.971950088058149
Woburn,1,2,D+10,9.7901708530432
Woburn,7,1,D+1,0.9170107881171563
Woburn,7,2,D+3,2.7205198314452006
Woburn,2,1,D+9,9.131543935305197
Woburn,2,2,D+16,15.655368031316675
Woburn,3,1,D+6,5.510894033967329
Woburn,3,2,D+4,4.430505422123865
Woburn,4,1,D+3,3.4174936424005153
Woburn,4,2,D+11,10.768152110892204
Woburn,5,1,D+15,14.920955561292693
Woburn,5,2,D+5,4.757487188869103
Woburn,6,1,D+14,14.07321056298818
Woburn,6,2,D+3,3.3130356309184594
Lowell,5,1,D+13,12.808744340170586
Lowell,5,2,D+17,17.48505812539526
Lowell,5,3,D+7,6.6556640557777325
Lowell,6,1,D+8,7.510950886210887
Lowell,6,2,D+10,9.865343832273489
Lowell,6,3,D+9,8.910026599544063
Lowell,9,1,D+15,15.346626812111296
Lowell,9,2,D+14,13.811120123099052
Lowell,9,3,D+15,14.520383315226892
Lowell,1,1,D+24,23.55580960778807
Lowell,1,2,D+6,6.4147487796547775
Lowell,1,3,D+12,11.617120753033106
Lowell,2,3,D+34,34.11648096888522
Lowell,4,2,D+23,23.151969658609662
Lowell,4,3,D+23,22.85652814035378
Lowell,10,1,D+18,18.229718870056
Lowell,10,2,D+23,22.938720872185637
Lowell,10,3,D+22,22.21980613600534
Lowell,11,1,D+15,15.184113456029536
Lowell,11,2,D+7,6.921484451944549
Lowell,11,3,D+16,15.583954573847357
Lowell,2,1,D+31,31.006746446011192
Lowell,2,2,D+31,30.89934900962864
Lowell,3,1,D+18,17.857813123700915
Lowell,3,2,D+22,22.29610074131593
Lowell,3,3,D+20,19.83385436732127
Lowell,4,1,D+19,18.52802713243612
Lowell,7,1,D+22,22.41515019924921
Lowell,7,2,D+28,28.014245250327065
Lowell,7,3,D+18,18.292603070871237
Lowell,8,1,D+21,20.651383325618767
Lowell,8,2,D+14,14.02475438419264
Lowell,8,3,D+12,11.757493044763345
Chelsea,3,2,D+32,32.09678719740946
Chelsea,3,4,D+31,31.340097475484118
Chelsea,4,2,D+19,19.253008484894917
Chelsea,4,3,D+22,21.654004399604688
Chelsea,1,1,D+26,26.13363075934266
Chelsea,1,2,D+30,29.970182002924204
Chelsea,1,3,D+33,32.81804728388777
Chelsea,1,4,D+37,37.35608530181166
Chelsea,2,1,D+26,25.808659021831616
Chelsea,2,2,D+35,34.89340735192631
Chelsea,2,3,D+36,35.94659658693372
Chelsea,2,4,D+34,34.21216251548862
Chelsea,3,1,D+34,34.40949171649552
Chelsea,3,3,D+28,27.7734340415539
Chelsea,4,1,D+26,26.325828552479834
Chelsea,4,4,D+23,22.98140896179648
Revere,1,3,D+18,17.81526450438212
Revere,3,1,D+10,10.138283661307234
Revere,4,1,D+10,9.746826208058867
Revere,4,2,D+12,12.342958845364949
Revere,4,3,D+9,8.740485845594304
Revere,5,1,D+6,6.095862525673345
Revere,5,1A,D+11,11.225987007833583
Revere,5,2,D+9,8.948987249287821
Revere,5,2A,D+23,23.499868462405992
Revere,6,1,R+2,-1.7088379490317829
Revere,6,2,R+1,-1.376901832455113
Revere,6,3,D+18,17.68348757739222
Revere,1,1,D+17,17.35373405040921
Revere,1,2,D+16,16.45389750519355
Revere,2,1,D+26,25.933911980609537
Revere,2,2,D+25,24.58081950687093
Revere,2,3,D+30,30.118912138559615
Revere,2,3A,D+19,19.19178889462603
Revere,3,2,D+15,14.968506678743953
Revere,3,3,D+12,11.919447265666749
Revere,5,3,D+12,12.171339585870268
Saugus,-,3,EVEN,-0.11663842366971267
Saugus,-,10,EVEN,0.08264710358125704
Saugus,-,1,EVEN,0.4361070764442143
Saugus,-,2,D+1,0.9736507510437198
Saugus,-,4,R+3,-2.822032044708611
Saugus,-,5,R+7,-7.475034413644649
Saugus,-,6,EVEN,0.2099829063948122
Saugus,-,7,R+8,-8.15362586945312
Saugus,-,8,R+1,-1.1741835681380874
Saugus,-,9,R+5,-4.916000960446432
Andover,-,2,D+12,12.19771300271132
Andover,-,3,D+18,18.41100022780795
Andover,-,4,D+11,10.997146037483175
Andover,-,1,D+21,21.275338405447254
Andover,-,5,D+12,12.387962798414875
Andover,-,6,D+11,11.394600698634939
Andover,-,7,D+14,14.417251857588997
Andover,-,7A,D+14,13.984018624355754
Andover,-,8,D+16,16.130791369290186
Andover,-,9,D+14,13.806749433158993
Leicester,-,1,R+6,-5.806035931360048
Leicester,-,2,R+2,-1.518040352309169
Leicester,-,3,R+5,-5.303233229267773
Leicester,-,4,R+2,-1.9958898044447337
Boxford,-,1,D+3,3.312535369181513
Boxford,-,2,D+4,3.781281182543772
Boxford,-,3,D+4,4.196849236819733
Tewksbury,-,3,R+1,-0.5144924075442536
Tewksbury,-,3A,EVEN,-0.08142684970723346
Tewksbury,-,1,EVEN,-0.19026705118431186
Tewksbury,-,1A,R+3,-2.9801391914441866
Tewksbury,-,2,R+2,-1.844136302224364
Tewksbury,-,2A,R+5,-4.665419134571053
Tewksbury,-,4,R+1,-0.7445862459813934
Tewksbury,-,4A,EVEN,0.42218557359281483
Douglas,-,1,R+11,-10.984199889317297
Douglas,-,2,R+8,-7.795533169430913
Douglas,-,3,R+8,-7.66106859174781
Oxford,-,1,R+4,-4.457332339233366
Oxford,-,4,R+7,-6.558462575507057
Oxford,-,2,R+6,-5.82764449765219
Oxford,-,3,R+5,-4.925873615881116
Sutton,-,1,R+5,-4.593655632367533
Sutton,-,2,R+8,-7.629689005926455
Sutton,-,3,EVEN,-0.43737552404136126
Webster,-,1,R+1,-0.688309292685152
Webster,-,2,D+3,2.799743440080571
Webster,-,3,R+4,-4.033783123378471
Webster,-,4,R+8,-7.948182588263703
Webster,-,5,R+2,-2.4062333787994716
Wilmington,-,1,D+2,1.8463424866796196
Wilmington,-,2,D+1,0.8243823525699523
Wilmington,-,4,D+1,0.5328787484523367
Wilmington,-,5,D+1,1.454030329661582
Wilmington,-,6,D+2,2.050384339311495
Wilmington,-,3,D+1,0.8725126547183049
Winthrop,-,1,D+4,3.5539641234420882
Winthrop,-,2,D+5,4.826082946432875
Winthrop,-,3,D+12,11.827956606224777
Winthrop,-,4,D+10,10.024200399050809
Winthrop,-,5,D+8,8.153368740277555
Winthrop,-,6,D+12,12.188204106596102
Barnstable,-,1,D+8,7.543851856110761
Barnstable,-,2,D+3,3.0615345982953235
Barnstable,-,3,D+9,8.895775705177588
Barnstable,-,4,D+6,5.791284129138196
Barnstable,-,5,EVEN,0.11971912969180876
Barnstable,-,6,D+2,1.7225627176872038
Barnstable,-,7,D+7,7.028029604782926
Barnstable,-,8,D+10,9.967462158740236
Barnstable,-,9,D+13,13.364972244000429
Barnstable,-,10,D+1,0.866321575982798
Barnstable,-,13,D+9,9.451200091537226
Barnstable,-,11,D+1,1.2737145703017094
Barnstable,-,12,D+2,1.9555591530579175
Brewster,-,1,D+13,13.163894645007213
Brewster,-,2,D+15,15.173424559584813
Brewster,-,3,D+11,11.459036669106737
Dennis,-,1,D+5,4.596177755827124
Dennis,-,2,D+8,7.657052961753374
Dennis,-,3,D+8,7.543906380964827
Dennis,-,4,D+7,7.466188685857766
Dennis,-,5,D+9,9.331125686549758
Yarmouth,-,1,D+9,9.021783251285175
Yarmouth,-,2,D+7,7.210692779875638
Yarmouth,-,3,D+9,8.803934284696957
Yarmouth,-,4,D+5,4.521698365378124
Yarmouth,-,7,D+6,6.179009138776593
Yarmouth,-,5,D+3,2.8874935278306646
Yarmouth,-,6,D+6,5.8462058185665295
Adams,-,1,D+14,13.79024547535873
Adams,-,2,D+13,13.431197646953773
Adams,-,3,D+13,12.76268217999773
Adams,-,4,D+14,13.870727250790416
Adams,-,5,D+18,17.817100184056024
Cheshire,-,1,D+6,6.352685798993085
Clarksburg,-,1,D+9,8.641029226117746
Florida,-,1,EVEN,0.0007313267088249198
Hancock,-,1,D+3,3.180397269010271
Lanesborough,-,1,D+13,13.300854668782025
New Ashford,-,1,D+18,17.834708475045613
North Adams,1,1,D+18,17.810740507529253
North Adams,2,2,D+22,22.020156313525884
North Adams,3,3,D+24,23.88595649709655
North Adams,4,4,D+17,17.055220210109145
North Adams,5,5,D+19,19.476976016894742
Williamstown,-,1,D+33,32.7981787397207
Williamstown,-,2,D+40,40.28616140458618
Williamstown,-,3,D+34,33.64179316229418
Foxborough,-,1,D+8,7.685466785691231
Foxborough,-,2,D+8,7.543011402815081
Foxborough,-,3,D+5,5.2003824591000285
Foxborough,-,4,D+6,5.825043611607161
Foxborough,-,5,D+6,6.253273150593531
Norton,-,3,D+4,3.5655537167604168
Norton,-,4,D+3,2.545842028141021
Norton,-,5,EVEN,0.21313337424613277
Norton,-,1,EVEN,0.2324607909425347
Norton,-,2,D+1,0.9427134074224575
Amesbury,-,1,D+11,11.01837340166828
Amesbury,-,2,D+16,15.528792313707761
Amesbury,-,3,D+16,16.32524233143312
Amesbury,-,4,D+13,12.56320264417493
Amesbury,-,5,D+6,5.862002061242477
Amesbury,-,6,D+17,16.76020075417458
Newburyport,1,1,D+26,25.61535265187117
Newburyport,2,1,D+28,27.727565424447874
Newburyport,3,1,D+24,23.57896421930136
Newburyport,4,1,D+23,23.022422069417946
Newburyport,5,1,D+13,12.62855099616086
Newburyport,6,1,D+14,13.730161995132562
Newburyport,1,P,D+8,7.782977419216197
Salisbury,-,1,D+3,3.479437577718636
Salisbury,-,2,R+1,-0.7018381855555145
Salisbury,-,3,R+8,-7.51950047211965
Ashfield,-,1,D+32,31.656021680763736
Buckland,-,1,D+24,24.426537698453778
Chester,-,1,R+11,-10.564844139753642
Chesterfield,-,1,D+10,10.360992041000861
Conway,-,1,D+26,26.120731565772605
Cummington,-,1,D+18,18.39513396504856
Deerfield,-,1,D+21,21.36129505205655
Goshen,-,1,D+12,12.038954473745111
Huntington,-,1,R+5,-5.280615507330394
Leverett,-,1,D+35,34.537300325449834
Middlefield,-,1,D+8,7.950747579280327
Montague,-,1,D+30,29.649637731835334
Montague,-,2,D+15,14.521049656799633
Montague,-,3,D+17,17.479539970666202
Montague,-,4,D+19,19.353696399563493
Montague,-,5,D+28,28.10709478239052
Montague,-,6,D+20,19.65068529102243
Plainfield,-,1,D+20,20.44880261033676
Shelburne,-,1,D+28,28.181129315293607
Shutesbury,-,1,D+36,36.436107076444216
Sunderland,-,1,D+27,27.36635094330214
Whately,-,1,D+15,15.038385522708564
Williamsburg,-,1,D+28,27.756836092708138
Worthington,-,1,D+15,14.943162978570069
Brimfield,-,1,R+7,-7.151765886729089
Holland,-,1,R+8,-8.074825029424604
Palmer,-,1,R+5,-5.217933327596191
Palmer,-,1A,R+6,-5.962578575253491
Palmer,-,2,R+7,-7.194329546851774
Palmer,-,3,D+2,1.8412884982724864
Palmer,-,4,R+8,-7.588055018872403
Sturbridge,-,1,D+5,5.236456247163757
Sturbridge,-,2,D+3,2.6384225063170508
Sturbridge,-,3,D+1,0.8394827841677444
Wales,-,1,R+11,-11.29741767694809
Ware,-,B,R+8,-7.782642923555788
Ware,-,C,R+7,-6.712414767971087
Ware,-,A,D+4,3.85577711289804
Warren,-,A,R+9,-8.554712836476108
Warren,-,B,R+6,-6.468838141204591
Hatfield,-,1,D+16,16.2675968794169
Montgomery,-,1,R+9,-8.874805517705376
Northampton,1,A,D+38,37.749238389575524
Northampton,1,B,D+37,37.03053798948483
Northampton,2,A,D+44,43.93152232402085
Northampton,2,B,D+43,42.7782465797536
Northampton,3,A,D+40,40.162029316830875
Northampton,3,B,D+40,39.56963459445739
Northampton,4,A,D+42,42.03158147104524
Northampton,4,B,D+41,40.528019578952744
Northampton,5,A,D+36,35.92007138799473
Northampton,5,B,D+38,38.47953326351681
Northampton,6,A,D+25,25.49038881404585
Northampton,6,B,D+31,31.41829470014127
Northampton,7,A,D+35,34.70590179785184
Northampton,7,B,D+32,31.91441961358028
Southampton,-,1,D+1,1.4102129384880202
Westhampton,-,1,D+10,10.499648785979588
Ashby,-,1,R+6,-5.8987165698548445
Ayer,-,1,D+11,11.265536338388815
Ayer,-,2,D+11,10.597186689266769
Dunstable,-,1,D+4,4.4291802267661495
Groton,-,1,D+17,17.268991549881683
Groton,-,2,D+13,12.643190522692983
Groton,-,3,D+17,16.979152864344506
Pepperell,-,1,EVEN,-0.48863296267861456
Pepperell,-,2,D+2,1.5280319113858076
Pepperell,-,3,R+1,-0.6303812525025876
Townsend,-,1,R+6,-6.002653430671501
Townsend,-,2,R+3,-2.7478696005944436
Townsend,-,3,R+3,-2.5792881746924845
Randolph,-,5,D+23,22.97695133519655
Randolph,-,6,D+27,27.412183631468135
Randolph,-,11,D+22,21.621986489127742
Randolph,-,12,D+23,23.07638309998015
Randolph,-,4,D+28,27.69151833185547
Randolph,-,1,D+28,28.3681408870359
Randolph,-,2,D+33,32.856365019193504
Randolph,-,3,D+29,29.241562323087265
Randolph,-,7,D+27,27.22748632761961
Randolph,-,8,D+32,32.32309966500748
Randolph,-,9,D+32,32.01368739086663
Randolph,-,10,D+26,26.007833060383934
Holden,-,1,D+3,3.3798360035871
Holden,-,2,D+6,5.986247657512623
Holden,-,3,D+8,8.493154284026383
Holden,-,4,D+6,5.666904402862272
Holden,-,5,D+5,4.836921947847317
Paxton,-,1,D+2,1.77116613392454
Princeton,-,1,D+7,7.386808511016618
Rutland,-,1,R+4,-4.348616674381233
Rutland,-,2,R+3,-3.4171808460079776
Rutland,-,3,EVEN,0.15549136456428636
Westminster,-,2,R+2,-1.9733287078018913
Westminster,-,1,R+2,-1.724214974677496
Lynnfield,-,1,R+1,-0.8648275923579307
Lynnfield,-,2,EVEN,0.11835179089790815
Lynnfield,-,3,R+4,-4.317139676802539
Lynnfield,-,4,R+7,-6.504641907272546
North Reading,-,1,D+2,1.832667273004407
North Reading,-,2,D+5,4.795360741103916
North Reading,-,3,D+3,2.6617872208924864
North Reading,-,4,D+3,3.4927990231383377
Reading,-,1,D+11,10.59778050813891
Reading,-,6,D+13,12.670288894626026
Reading,-,7,D+14,14.48639523409433
Reading,-,8,D+11,10.751010636036995
Reading,-,2,D+13,12.989116669366329
Reading,-,3,D+11,10.709566175484708
Reading,-,4,D+16,15.509294163329923
Reading,-,5,D+18,17.964051427607565
Bedford,-,1,D+23,22.974176849808103
Bedford,-,2,D+15,15.159111553467575
Bedford,-,3,D+24,23.601088602584174
Bedford,-,4,D+21,20.654731372502134
Burlington,-,1,D+7,6.5341916140600365
Burlington,-,2,D+13,13.143932358123479
Burlington,-,3,D+9,9.130309681559956
Burlington,-,4,D+10,10.11080587162494
Burlington,-,5,D+8,7.672571443102482
Burlington,-,6,D+6,5.954735638101227
Burlington,-,7,D+13,12.536706984150713
Billerica,-,1,D+7,6.963033775377658
Billerica,-,2,D+3,3.217969282035227
Billerica,-,3,D+1,1.1233423522032715
Billerica,-,4,D+1,0.5628636006770771
Billerica,-,5,R+2,-2.0195586635665785
Billerica,-,6,D+2,1.9039239311223755
Billerica,-,7,D+5,5.316868715826539
Billerica,-,8,EVEN,0.06704704056453847
Billerica,-,9,R+2,-2.3272503283385815
Billerica,-,10,R+3,-3.3678485099541247
Billerica,-,11,R+1,-0.9012894062951582
Arlington,-,1,D+32,32.01794331369256
Arlington,-,3,D+36,36.38462248655776
Arlington,-,5,D+30,30.41886124971318
Arlington,-,6,D+34,33.51258372872935
Arlington,-,7,D+34,33.7990112346006
Arlington,-,9,D+30,29.509814977738323
Arlington,-,11,D+28,27.891312488092456
Arlington,-,13,D+19,19.466997147241294
Arlington,-,14,D+32,32.24443667787726
Arlington,-,15,D+28,28.341976143438597
Arlington,-,16,D+32,31.56686672775181
Arlington,-,17,D+32,32.24233330111621
Arlington,-,18,D+25,24.989887122100185
Arlington,-,19,D+29,29.34149161263282
Arlington,-,20,D+32,31.6467938255925
Arlington,-,21,D+35,35.47019798553512
Arlington,-,2,D+31,31.487821828757767
Arlington,-,4,D+34,33.682631568765345
Arlington,-,8,D+37,36.51077304448194
Arlington,-,10,D+35,34.74372807889405
Arlington,-,12,D+33,32.52707943046458
Medford,3,2,D+16,15.939176354433105
Medford,6,1,D+32,32.453134877759624
Medford,6,2,D+23,22.754788395125523
Medford,4,1,D+34,33.58580569753248
Medford,4,2,D+27,26.78845038530926
Medford,5,1,D+30,29.785464900940163
Medford,5,2,D+30,30.27569947397112
Medford,7,1,D+26,26.168903016136703
Medford,8,2,D+21,20.76335950584568
Medford,1,1,D+20,20.08724853588163
Medford,1,2,D+21,20.794515747699094
Medford,2,1,D+15,15.19295696517091
Medford,2,2,D+13,12.759490927048
Medford,3,1,D+16,16.070660038662954
Medford,7,2,D+24,23.634723677234724
Medford,8,1,D+22,22.02400869683936
Belmont,-,1,D+29,29.34755460327635
Belmont,-,2,D+23,23.16828730690441
Belmont,-,3,D+27,27.24998473393736
Belmont,-,4,D+27,26.877239714298163
Belmont,-,5,D+28,27.80373301399408
Belmont,-,6,D+30,29.90643837481709
Belmont,-,7,D+30,29.831769385149997
Belmont,-,8,D+21,21.330221970559105
Cambridge,11,1,D+42,41.93771718295894
Cambridge,11,3,D+40,39.72933095856321
Cambridge,4,1,D+45,44.65407395642076
Cambridge,4,2,D+43,43.14346751261821
Cambridge,4,3,D+43,43.153013575796315
Cambridge,6,2,D+44,43.989159211628916
Cambridge,6,3,D+41,41.20145971790304
Cambridge,7,1,D+45,44.75778539812253
Cambridge,7,2,D+43,42.5645411758928
Cambridge,7,3,D+42,42.41358093002427
Cambridge,8,1,D+44,43.66749569573318
Cambridge,8,2,D+44,43.71061478573453
Cambridge,8,3,D+45,44.820222960560095
Cambridge,10,1,D+43,43.33935505719692
Cambridge,10,2,D+44,44.30884320539077
Cambridge,1,1,D+36,36.23723587037876
Cambridge,1,2,D+36,36.285427396085645
Cambridge,1,3,D+36,36.288730699851676
Cambridge,2,1,D+42,42.43033125068162
Cambridge,3,1,D+37,37.0447592672589
Cambridge,3,2,D+42,41.97898525090133
Cambridge,3,2A,D+42,42.16085626090904
Cambridge,3,3,D+43,43.39503956486732
Cambridge,6,1,D+44,44.04203506530436
Cambridge,9,1,D+43,43.491266839252965
Cambridge,9,2,D+39,38.56208195291024
Cambridge,9,3,D+38,37.55176419649211
Cambridge,10,3,D+43,42.97159329211318
Cambridge,11,2,D+40,40.34367436948636
Cambridge,2,2,D+44,44.29650525346508
Cambridge,2,3,D+39,39.263569637085425
Cambridge,5,1,D+43,43.456687695225725
Cambridge,5,2,D+42,42.00428889462603
Cambridge,5,3,D+44,43.759489488979675
Somerville,1,1,D+31,31.22968912890951
Somerville,1,2,D+31,31.22577725455279
Somerville,1,3,D+33,32.61519115026513
Somerville,2,1,D+41,40.78711165173763
Somerville,2,2,D+41,41.03995331166117
Somerville,2,3,D+39,39.48527748778192
Somerville,3,1,D+39,38.9004094677539
Somerville,3,2,D+38,37.89956797652483
Somerville,3,3,D+40,40.022232026935136
Somerville,5,1,D+35,35.0574462700577
Somerville,5,2,D+39,39.12176927823544
Somerville,5,3,D+40,39.889184611154406
Somerville,6,1,D+42,41.75676414215078
Somerville,6,2,D+41,41.11303077955999
Somerville,6,3,D+39,39.49319279273487
Somerville,4,1,D+30,29.705298617887067
Somerville,4,2,D+35,35.145917707085474
Somerville,4,3,D+35,34.981914275617996
Somerville,7,1,D+40,39.71409303946775
Somerville,7,2,D+39,38.54256205443571
Somerville,7,3,D+33,33.15944518637062
Everett,1,1,D+20,19.88154897807527
Everett,1,2,D+17,17.185357825694958
Everett,2,1,D+19,18.73774945442247
Everett,2,2,D+22,21.78071165885367
Everett,3,1,D+18,17.826096397468017
Everett,3,2,D+19,18.749592054318597
Everett,4,1,D+17,16.717286997092817
Everett,4,2,D+21,21.440698444671945
Everett,5,1,D+19,19.287891616871878
Everett,5,2,D+23,22.59727330442558
Everett,6,1,D+19,19.260678670983854
Everett,6,2,D+22,21.78708521223247
Bernardston,-,1,D+15,15.153959947257611
Charlemont,-,1,D+14,14.260162609750848
Colrain,-,1,D+16,15.953657798814213
Dalton,-,1,D+18,17.764007490506508
Dalton,-,2,D+21,20.992244241277024
Greenfield,-,1,D+16,16.181832847742704
Greenfield,-,2,D+19,19.273811671198693
Greenfield,-,3,D+21,20.711489297445773
Greenfield,-,4,D+23,22.64057884367652
Greenfield,-,5,D+29,29.07336613672038
Greenfield,-,6,D+31,30.862984546799943
Greenfield,-,7,D+18,17.747959780701983
Greenfield,-,8,D+26,25.657216965918195
Greenfield,-,9,D+18,17.664439786258402
Hawley,-,1,D+14,13.745472773719225
Heath,-,1,D+11,10.739770892303147
Hinsdale,-,1,D+11,11.361529957870765
Leyden,-,1,D+17,16.641385668819574
Monroe,-,1,R+4,-3.5638929235557892
Northfield,-,1,D+15,14.662171844760397
Peru,-,1,D+5,4.958485414585089
Pittsfield,1,B,D+22,21.98018421143044
Pittsfield,1,A,D+22,21.873660177548715
Pittsfield,2,A,D+28,28.436107076444205
Pittsfield,2,B,D+24,23.87439333326833
Pittsfield,3,A,D+27,27.280282321575534
Pittsfield,3,B,D+25,24.628226571679857
Pittsfield,4,A,D+25,24.627099817748622
Pittsfield,4,B,D+21,20.862216185714143
Pittsfield,5,A,D+27,27.236346748891872
Pittsfield,5,B,D+20,20.299377461453727
Pittsfield,6,A,D+26,26.489389322680033
Pittsfield,6,B,D+25,24.90500659797531
Pittsfield,7,A,D+22,22.04883816087341
Pittsfield,7,B,D+21,21.29462999006716
Rowe,-,1,D+5,4.632889717671295
Savoy,-,1,D+4,4.11259952132903
Windsor,-,1,D+14,13.73846914390695
Georgetown,-,1,EVEN,0.475624356184956
Georgetown,-,2,D+2,1.7754156551894051
Georgetown,-,3,D+5,4.626837914233873
Groveland,-,1,D+1,0.9726160778978588
Groveland,-,2,EVEN,-0.37584809167533484
Merrimac,-,1,D+7,6.7517934914214095
Merrimac,-,2,D+4,3.9018792560718163
Newbury,-,1,D+13,12.721293970768166
Newbury,-,2,D+7,7.3031660412574695
West Newbury,-,1,D+12,12.449058337158725
Athol,-,1,R+3,-2.862624363279398
Athol,-,2,R+6,-5.897568940592063
Athol,-,3,D+1,1.44172942745191
Belchertown,-,A,D+12,12.346197963313388
Belchertown,-,B,D+3,3.4463230340285866
Belchertown,-,C,D+4,3.551854268837029
Belchertown,-,D,D+17,17.418966698921967
Erving,-,1,D+8,7.946596586933719
Gill,-,1,D+18,18.298832324470126
New Salem,-,1,D+11,11.201832608198048
Orange,-,1,R+3,-3.100316764615391
Orange,-,2,D+3,2.845224739240504
Petersham,-,1,D+8,8.140220453561387
Phillipston,-,1,R+10,-9.711642969101424
Royalston,-,1,D+2,2.0912193502615195
Royalston,-,2,R+4,-3.5124955576707917
Templeton,-,A,R+7,-7.484519587366567
Templeton,-,B,R+7,-7.203390155546319
Templeton,-,C,R+5,-4.906508729472403
Warwick,-,1,D+15,15.284856580215544
Wendell,-,1,D+29,29.219680515755353
Hampden,-,1,R+7,-6.930591959934363
Longmeadow,-,A,D+15,14.955832185235495
Longmeadow,-,B,D+14,13.506353833389916
Longmeadow,-,C,D+9,8.942739879909144
Longmeadow,-,D,D+8,7.726584409137905
Longmeadow,-,E,D+13,12.924632997594243
Monson,-,A,R+6,-5.636951743602559
Monson,-,B,R+4,-4.225869835532703
Monson,-,C,R+3,-3.1880187976816634
Easthampton,-,1,D+20,20.16092556504223
Easthampton,-,2,D+27,26.91031361141285
Easthampton,-,3,D+23,23.395691609558156
Easthampton,-,4,D+28,27.585522236036255
Easthampton,-,5,D+9,9.445355892144637
Granby,-,2,R+5,-5.190991939189837
Granby,-,1,D+4,3.963263934456085
Hadley,-,1,D+20,20.32846685940708
South Hadley,-,A,D+13,13.244877762601293
South Hadley,-,B,D+14,13.636992671962012
South Hadley,-,C,D+8,7.540359788285544
South Hadley,-,D,D+21,20.98531199693626
South Hadley,-,E,D+12,11.822066942812937
Littleton,-,1,D+15,14.515687070917826
Littleton,-,2,D+14,14.496002306150757
Littleton,-,3,D+18,17.843789034251834
Westford,-,1,D+16,15.594495080193038
Westford,-,2,D+14,13.844324782318662
Westford,-,3,D+12,11.660882301219432
Westford,-,4,D+18,18.35805024352356
Westford,-,5,D+13,13.069518457895901
Westford,-,6,D+12,11.99628557473037
Carver,-,1,R+6,-6.403482293908685
Carver,-,2,R+7,-6.582791176098901
Carver,-,3,R+3,-3.342163433533618
Wareham,-,1,D+3,2.799743440080571
Wareham,-,2,D+6,5.533645193343661
Wareham,-,3,D+4,3.697138968846714
Wareham,-,4,D+1,0.5798702899748709
Wareham,-,5,EVEN,-0.05863287493158564
Wareham,-,6,R+1,-1.1456552862279978
Ashburnham,-,1,EVEN,0.35702244824573626
Gardner,1,A,D+7,6.952007525804738
Gardner,1,B,R+5,-5.370567261875697
Gardner,2,A,D+5,4.8134286795722625
Gardner,2,B,R+1,-1.3622019970326527
Gardner,3,A,D+4,4.384557093859742
Gardner,3,B,D+7,6.669111334152533
Gardner,4,A,D+11,10.92330711919981
Gardner,4,B,D+4,4.079938517425696
Gardner,5,A,D+5,4.903571815095386
Gardner,5,B,EVEN,0.02420039905081106
Winchendon,-,1,R+11,-10.884510922139889
Winchendon,-,1A,EVEN,0.1830722774153526
Winchendon,-,2,R+5,-5.471825755055498
Winchendon,-,3,R+6,-6.034210130715101
Stoneham,-,1,D+10,9.584269336090124
Stoneham,-,2,D+11,11.360597012243524
Stoneham,-,3,D+6,6.055108764411421
Stoneham,-,4,D+6,6.082048586842658
Stoneham,-,5,D+4,3.509149640816256
Stoneham,-,6,D+9,8.870818259494484
Stoneham,-,7,D+9,9.282066672403811
Winchester,-,1,D+22,21.538376306137263
Winchester,-,2,D+20,20.027636218865275
Winchester,-,3,D+28,27.781847949744144
Winchester,-,4,D+19,19.39190891208311
Winchester,-,5,D+12,12.143177783514913
Winchester,-,6,D+13,13.46494564803371
Winchester,-,7,D+20,19.898787080841263
Winchester,-,8,D+15,15.161919416714387
Malden,5,2,D+21,20.814475278265686
Malden,2,1,D+24,24.38411633916178
Malden,2,2,D+16,15.880937055625333
Malden,3,1,D+26,26.49137096149533
Malden,4,1,D+28,27.858165843635717
Malden,4,2,D+29,28.78956869997883
Malden,5,1,D+26,26.458088549202884
Malden,6,1,D+20,20.473152256173787
Malden,6,2,D+21,21.024241946269218
Malden,7,2,D+23,23.041089042938967
Malden,8,1,D+18,18.152719180867948
Malden,8,2,D+22,22.202184686209193
Malden,1,1,D+30,30.132925636105668
Malden,1,2,D+22,22.448919767109253
Malden,3,2,D+23,22.886441483181883
Malden,7,1,D+30,29.662970303307436
Melrose,1,1,D+24,24.4408344992484
Melrose,1,2,D+24,23.838704479041617
Melrose,2,1,D+16,15.69340908315706
Melrose,2,2,D+18,17.836534325435426
Melrose,3,1,D+23,23.095188343077456
Melrose,3,2,D+19,19.270090249027838
Melrose,4,1,D+23,22.945646919317387
Melrose,4,2,D+11,10.941976582313718
Melrose,5,1,D+25,24.951390919238968
Melrose,5,2,D+24,23.903782509773542
Melrose,6,1,D+22,22.274107938141753
Melrose,6,2,D+14,13.748974094953093
Melrose,7,1,D+19,18.72758459588526
Melrose,7,2,D+18,17.93011983430597
Wakefield,-,4,D+10,10.15024265185146
Wakefield,-,5,D+11,10.959025503745112
Wakefield,-,6,D+12,12.389309991672448
Wakefield,-,1,D+3,3.310703437041407
Wakefield,-,2,D+8,8.244146906796413
Wakefield,-,3,D+8,7.757653944521592
Wakefield,-,7,D+9,8.643283202026408
Dracut,-,1,R+3,-2.540876499776007
Dracut,-,2,R+3,-3.4249434562992622
Dracut,-,3,R+5,-4.740317974519587
Dracut,-,4,R+7,-6.905185777043766
Dracut,-,5,R+7,-6.779456887151247
Dracut,-,6,R+2,-1.8789654731560246
Dracut,-,6A,R+1,-0.9881353477982135
Dracut,-,7,D+1,0.8652155472067768
Dracut,-,8,R+8,-7.865753977828415
Dracut,-,9,R+5,-4.781922804538313
Tyngsborough,-,1,R+2,-1.6211005134736611
Tyngsborough,-,2,R+2,-1.8045000530518052
Tyngsborough,-,3,D+2,1.9403253213389537
Tyngsborough,-,4,D+2,2.3765547387090358
Boxborough,-,1,D+23,22.787732329803568
Harvard,-,1,D+23,23.456118819276195
Lunenburg,-,A,D+3,2.991130999889191
Lunenburg,-,C,D+1,0.7636092272902073
Lunenburg,-,D,D+4,3.831781490874797
Lunenburg,-,B,D+5,5.218029999336293
Shirley,-,1,D+4,4.348554880816358
Bourne,-,3,R+4,-4.027868781722516
Bourne,-,4,D+3,2.587350562651025
Bourne,-,5,D+3,3.4115031173706623
Bourne,-,6,D+8,7.558060133747457
Bourne,-,1,R+3,-3.112170732703162
Bourne,-,2,R+3,-3.3833233610527866
Bourne,-,7,EVEN,-0.27467683179193125
Falmouth,-,3,D+10,9.75287513402282
Falmouth,-,4,D+8,8.00661087605018
Falmouth,-,7,D+6,5.550076653527592
Falmouth,-,8,D+5,5.06124868771326
Falmouth,-,9,D+8,8.040145468331206
Falmouth,-,1,D+27,27.234792550190612
Falmouth,-,2,D+17,16.819260646038458
Falmouth,-,5,D+12,12.337777218659918
Falmouth,-,6,D+14,13.665022739094812
Mashpee,-,1,D+9,8.79738216499203
Mashpee,-,2,D+4,4.262435534137232
Mashpee,-,3,D+4,3.7837006593319122
Mashpee,-,4,D+8,8.067099658007137
Mashpee,-,5,D+1,0.5741769804269103
Agawam,-,1,R+6,-6.3166939446875405
Agawam,-,2,R+5,-5.474857327160038
Agawam,-,3,R+4,-4.009962570477859
Agawam,-,4,R+2,-1.9387612984241631
Agawam,-,5,R+3,-2.7299630738779057
Agawam,-,6,R+3,-3.47859360748724
Agawam,-,7,R+7,-7.181952716112228
Agawam,-,8,R+3,-3.053307618449935
Granville,-,1,R+12,-11.907873267536134
Southwick,-,1,R+14,-14.148811880567768
Southwick,-,2,R+11,-10.617204908374623
Southwick,-,3,R+8,-8.369087728750596
Amherst,-,1,D+40,40.349342240891794
Amherst,-,2,D+39,39.27469705789134
Amherst,-,3,D+37,37.257504328709636
Amherst,-,4,D+36,35.93170824946475
Amherst,-,5,D+40,39.6189421384739
Amherst,-,6,D+40,40.19025990036448
Amherst,-,7,D+40,39.65575768287572
Amherst,-,8,D+41,41.39636539735827
Amherst,-,9,D+43,42.505875307466646
Amherst,-,10,D+39,38.646850878097105
Pelham,-,1,D+38,37.59294339861691
Bolton,-,1,D+15,15.264598172976541
Hudson,-,1,D+12,12.246708351353764
Hudson,-,2,D+14,13.750472100732903
Hudson,-,3,D+6,5.770628763907071
Hudson,-,4,D+11,10.548871974358232
Hudson,-,5,D+14,14.36525529212538
Hudson,-,6,D+13,13.110255972815333
Hudson,-,7,D+15,15.490869411524633
Maynard,-,1,D+20,19.926314618098694
Maynard,-,2,D+23,23.279842557317686
Maynard,-,3,D+21,20.678814260327872
Maynard,-,4,D+19,19.05442744675627
Stow,-,1,D+19,18.563339667252965
Stow,-,2,D+21,20.617754054701354
Holbrook,-,2,D+3,2.54097137514111
Holbrook,-,3,D+6,6.018046342926064
Holbrook,-,4,D+6,6.482136995891851
Holbrook,-,1,D+11,10.758723091149625
Weymouth,-,5,D+13,12.568585002301546
Weymouth,-,6,D+8,8.04459776399412
Weymouth,-,9,D+5,5.035834197572109
Weymouth,-,12,D+5,5.459529069298519
Weymouth,-,16,D+4,3.8545032568982673
Weymouth,-,1,D+8,7.7483551032456415
Weymouth,-,2,D+5,5.221616456759515
Weymouth,-,3,D+2,1.5276802967052694
Weymouth,-,4,D+5,5.485629867063313
Weymouth,-,7,D+8,8.081433580925646
Weymouth,-,8,D+9,9.122496265019532
Weymouth,-,10,D+9,8.712063164554994
Weymouth,-,11,D+5,5.136441693883686
Weymouth,-,13,D+13,13.099805096585337
Weymouth,-,14,D+11,10.551072014653705
Weymouth,-,15,D+6,6.024653087008569
Weymouth,-,17,D+10,9.972753245631516
Weymouth,-,18,D+7,7.49074209659647
Cohasset,-,1,D+16,15.891560109268287
Cohasset,-,2,D+15,15.022931342044766
Hingham,-,1,D+15,15.354037427735834
Hingham,-,3,D+16,16.413697275891437
Hingham,-,4,D+15,15.228783177827431
Hingham,-,5,D+8,7.904451954216896
Hingham,-,5A,D+23,23.36138075564459
Hingham,-,6,D+12,11.85845094908695
Hingham,-,2,D+15,15.21534870996124
Hull,-,1,D+15,15.253834968162117
Hull,-,2,D+8,8.391658520675382
Hull,-,3,D+10,10.208237678787857
Scituate,-,3,D+14,13.95584791467057
Scituate,-,1,D+8,7.990499925801087
Scituate,-,2,D+10,9.779288894626026
Scituate,-,4,D+8,8.43429375962238
Scituate,-,5,D+14,13.895314535651671
Scituate,-,6,D+11,10.713346591778961
Fitchburg,1,A,D+14,13.699833449081478
Fitchburg,1,B,D+11,11.043067772513815
Fitchburg,2,A,D+17,16.675341526204978
Fitchburg,2,B,D+5,4.6618519198361135
Fitchburg,3,A,D+4,3.801060963137226
Fitchburg,3,B,D+8,7.784675634957516
Fitchburg,4,A,D+10,9.766316386034967
Fitchburg,4,B,D+19,18.510455877548225
Fitchburg,5,A,D+1,1.3792888946260295
Fitchburg,5,B,D+18,17.94948232956155
Fitchburg,6,A,D+7,6.6722636560910935
Fitchburg,6,B,D+17,16.51776194851825
Chatham,-,1,D+9,8.517014674593193
Eastham,-,1,D+17,16.570319634817476
Harwich,-,1,D+10,9.818534704681891
Harwich,-,2,D+9,8.732358052203192
Harwich,-,3,D+8,7.984759429116661
Harwich,-,4,D+10,10.387964987171017
Orleans,-,1,D+15,15.058850611978446
Provincetown,-,1,D+40,40.25264753229529
Truro,-,1,D+26,26.22411919003772
Wellfleet,-,1,D+26,25.965929106266238
Alford,-,1,D+31,31.22590826023538
Becket,-,1,D+11,11.222520283910054
Blandford,-,1,R+12,-12.15358733603501
Egremont,-,1,D+30,29.64559324245212
Great Barrington,-,A,D+32,31.730792179113145
Great Barrington,-,B,D+29,28.63658265720148
Great Barrington,-,C,D+36,35.831928646178824
Great Barrington,-,D,D+32,31.942575438672492
Lee,-,1,D+19,18.7252742667527
Lenox,-,1,D+29,29.03674101444924
Monterey,-,1,D+31,30.791053600508377
Mount Washington,-,1,D+32,31.822364011996918
New Marlborough,-,1,D+20,20.296052235693317
Otis,-,1,D+2,1.8901554883931193
Richmond,-,1,D+26,26.241070795998677
Russell,-,1,R+12,-12.381407926889864
Sandisfield,-,1,D+7,7.201657315678656
Sheffield,-,1,D+20,19.78563524611626
Stockbridge,-,1,D+29,29.10035234938514
Tolland,-,1,R+13,-13.083394629028128
Tyringham,-,1,D+24,23.644236901558436
Washington,-,1,D+18,18.238974958944564
West Stockbridge,-,1,D+29,29.09462502907981
Rehoboth,-,1,R+7,-7.318432358960375
Rehoboth,-,2,R+6,-5.558536062046415
Rehoboth,-,3,R+5,-5.381522326763477
Seekonk,-,1,R+2,-1.9945976654997255
Seekonk,-,2,D+3,3.027808058389092
Seekonk,-,3,D+1,1.4147018888340357
Seekonk,-,4,D+2,1.6406408699980113
Swansea,-,4,R+5,-5.109917043810364
Swansea,-,5,R+7,-7.026239158179248
Swansea,-,1,R+7,-7.153581837716949
Swansea,-,2,D+1,0.658135048472186
Swansea,-,3,R+1,-0.7914022563282774
Hamilton,-,1,D+14,13.56650879304252
Hamilton,-,2,D+15,14.704705947452723
Hamilton,-,3,D+19,18.957913628101508
Ipswich,-,1,D+19,19.355862571307004
Ipswich,-,2,D+14,14.370709398535675
Ipswich,-,3,D+6,5.954000155453754
Ipswich,-,4,D+12,11.907256931155707
Manchester-by-the-Sea,-,1,D+20,19.851922030720704
Rowley,-,1,R+1,-1.0361184641124677
Topsfield,-,1,D+7,7.2605000747502535
Wenham,-,1,D+15,15.285137223674871
Westfield,1,A,R+4,-4.355314445666247
Westfield,1,B,R+6,-6.210261683837337
Westfield,2,A,D+8,8.335342592701
Westfield,2,B,D+2,1.6679435130999232
Westfield,3,A,D+6,6.157344742887361
Westfield,3,B,D+2,2.057384054323097
Westfield,4,A,D+2,2.290823956499921
Westfield,4,B,R+3,-3.174968852191168
Westfield,5,A,R+4,-4.309502113879438
Westfield,5,B,R+8,-7.567202005398904
Westfield,6,A,R+7,-7.147685717503732
Westfield,6,B,R+2,-2.190611858282937
Marshfield,-,1,D+2,1.8449725262844274
Marshfield,-,2,D+1,0.7824408045399189
Marshfield,-,3,D+2,2.250614112816196
Marshfield,-,4,D+3,3.048809442571232
Marshfield,-,5,D+2,1.8953651720883813
Marshfield,-,6,D+1,1.4142888946260257
Marshfield,-,7,D+2,2.023133115731557
Leominster,1,A,D+3,2.8691838659818503
Leominster,1,B,D+6,5.625212807669511
Leominster,1,C,D+9,8.833633982787237
Leominster,2,A,D+13,13.24922303849634
Leominster,2,B,D+4,3.872950152232524
Leominster,2,C,D+5,5.056352079667937
Leominster,3,A,D+7,7.246048468062771
Leominster,3,B,D+6,6.115319954504351
Leominster,3,C,D+2,2.140448963970154
Leominster,4,A,EVEN,0.23044949688449945
Leominster,4,B,EVEN,0.3910410313781698
Leominster,4,C,D+6,5.847539338675767
Leominster,5,A,D+6,6.218707595494877
Leominster,5,B,D+7,6.698505885414152
Leominster,5,C,D+10,9.920955561292699
Sandwich,-,1,D+6,6.383604651060426
Sandwich,-,2,D+5,5.175347280805775
Sandwich,-,3,D+2,1.8509726303002516
Sandwich,-,4,EVEN,0.19173053795003003
Sandwich,-,5,EVEN,0.09963160112866909
Sandwich,-,6,R+4,-3.681523637212991
Dighton,-,1,R+7,-6.976363991686046
Dighton,-,2,R+7,-7.045984080806184
Somerset,-,1,EVEN,0.33224146565209445
Somerset,-,2,D+2,1.510372324521747
Somerset,-,3,D+3,2.9271860908877123
Somerset,-,4,D+1,0.8468814872186203
Somerset,-,5,R+2,-1.9717148277882235
Essex,-,1,D+14,13.535790235108603
Gloucester,1,1,D+19,18.977534157502994
Gloucester,1,2,D+14,14.335242769743694
Gloucester,2,1,D+14,14.184521452765564
Gloucester,2,2,D+17,17.472463270393522
Gloucester,3,1,D+13,13.302485967100141
Gloucester,3,2,D+13,12.54245356014918
Gloucester,4,1,D+11,11.219439514826856
Gloucester,4,2,D+22,22.274389397138595
Gloucester,5,1,D+14,13.934612617438368
Gloucester,5,2,D+10,10.437225097546865
Rockport,-,1,D+20,20.420535746011414
Rockport,-,2,D+21,20.93562064254517
Rockport,-,3,D+20,20.277794259981164
Holyoke,1,A,D+32,31.841317352600885
Holyoke,1,B,D+31,30.685095152147092
Holyoke,2,A,D+27,27.174923815260954
Holyoke,2,B,D+30,30.384873087065888
Holyoke,3,A,D+22,21.866586076521845
Holyoke,3,B,D+13,12.671466808736454
Holyoke,4,A,D+30,29.88694195585052
Holyoke,4,B,D+27,27.17266646097556
Holyoke,5,A,D+5,5.441089789480613
Holyoke,5,B,D+14,14.16248818846675
Holyoke,6,A,D+24,23.893526458549786
Holyoke,6,B,D+20,20.489865817702956
Holyoke,7,A,D+15,14.740937559492517
Holyoke,7,B,D+23,23.21093128102908
Millis,-,2,D+9,9.197049837386972
Millis,-,3,D+9,9.227074071232867
Millis,-,1,D+10,9.767047096327119
Natick,-,1,D+27,27.072022884773816
Natick,-,2,D+23,23.40679945304931
Natick,-,3,D+21,20.8759839774034
Natick,-,4,D+24,23.643446167841276
Natick,-,5,D+19,19.427501382037914
Natick,-,6,D+21,20.616615194162826
Natick,-,7,D+27,26.501512458121923
Natick,-,8,D+24,23.58300034573767
Natick,-,9,D+26,25.941915669473904
Natick,-,10,D+24,23.911908936379678
Sherborn,-,1,D+25,25.381846745075443
Braintree,-,1A,D+2,2.000311457541848
Braintree,-,1B,D+4,4.3115919154918085
Braintree,-,2A,D+6,6.120729188910124
Braintree,-,2B,D+4,3.8643263910206116
Braintree,-,3A,D+8,7.592350360347067
Braintree,-,3B,D+7,6.742477871003983
Braintree,-,4A,D+7,6.791703860612419
Braintree,-,4B,D+13,12.894446633699308
Braintree,-,5A,D+5,5.4415944328961015
Braintree,-,5B,D+6,6.1924881487549595
Braintree,-,6A,D+3,3.3032327380057347
Braintree,-,6B,D+4,3.5392916616431846
Hanover,-,1,R+3,-3.0526738627184082
Hanover,-,2,R+2,-2.3451782456936856
Hanover,-,3,EVEN,-0.13818550404032237
Hanover,-,4,R+3,-2.675838147116255
Norwell,-,1,D+4,3.7575814628292292
Norwell,-,2,D+4,4.4948579827915776
Norwell,-,3,D+7,6.869534722321113
Rockland,-,1,D+3,2.713266302473827
Rockland,-,2,D+2,2.016806777315583
Rockland,-,3,D+4,4.1857842998056505
Rockland,-,4,D+3,2.561539433032345
Rockland,-,5,R+3,-2.560043352930974
Rockland,-,6,EVEN,0.2687206444756951
Barre,-,1,R+1,-0.77201790414404
Barre,-,2,R+7,-6.689572025330509
Brookfield,-,1,R+6,-6.356029436877813
East Brookfield,-,1,R+10,-9.923764935601714
Hardwick,-,1,R+4,-4.011024624765053
Hubbardston,-,1,R+5,-5.442357446837387
New Braintree,-,1,R+6,-5.735939118403288
North Brookfield,-,1,R+10,-9.648936911825585
Oakham,-,1,R+8,-8.48236902313425
Spencer,-,2,R+5,-4.924469519734481
Spencer,-,3,R+11,-10.950522331568424
Spencer,-,4,R+3,-3.163110909870548
Spencer,-,1,R+6,-6.482553210637127
West Brookfield,-,1,R+3,-3.3033058892426026
Fall River,5,B,D+17,16.798889833593165
Fall River,5,B1,D+7,6.920955561292697
Fall River,5,C,D+12,11.873691879700655
Fall River,6,C,D+6,5.8286802381787854
Fall River,6,C1,D+17,17.00428889462603
Fall River,7,A,D+7,7.366538147720359
Fall River,7,B,D+11,10.644156736035725
Fall River,7,C,D+13,12.830947933527636
Fall River,8,A,D+10,9.50305004427915
Fall River,8,B,D+8,8.0278486681858
Fall River,8,C,D+4,4.485291934139712
Fall River,9,A,D+4,3.8559486456633763
Fall River,9,B,D+6,5.505587336495788
Fall River,9,C,D+10,10.228567657225963
Fall River,1,B,D+4,4.036917784547067
Fall River,1,C,D+2,1.7604512405673844
Fall River,2,A,D+8,7.573388721515817
Fall River,2,B,D+6,6.421371188890368
Fall River,2,C,D+5,5.091449646191792
Fall River,3,A,R+1,-0.6443895194708893
Fall River,3,B,D+7,6.772478779275537
Fall River,3,C,D+4,3.997393052715781
Fall River,4,A,D+12,12.099086072756538
Fall River,4,B,D+15,15.230170156221579
Fall River,4,C,D+18,17.856083622612573
Fall River,5,A,D+12,12.457522150977073
Fall River,1,A,D+1,1.2368626211675893
Fall River,6,A,D+2,1.9175033173341238
Fall River,6,B,D+9,9.377636912247178
Freetown,-,1,R+7,-6.91093885172705
Freetown,-,2,R+7,-6.673631081837639
Freetown,-,3,R+7,-7.100160577470499
Beverly,1,1,D+12,11.515413016405883
Beverly,1,2,D+13,12.66459870977833
Beverly,2,1,D+23,22.967254450492735
Beverly,2,2,D+24,24.076488277976495
Beverly,3,1,D+20,20.115056623968908
Beverly,3,2,D+13,12.877756495326553
Beverly,4,1,D+18,17.778906891230438
Beverly,4,2,D+23,22.721419251368236
Beverly,5,1,D+12,12.247113087347705
Beverly,5,2,D+12,11.59639415778393
Beverly,6,1,D+18,18.09164719920957
Beverly,6,2,D+8,8.102052928879122
Chicopee,2,A,D+16,16.415030780251993
Chicopee,3,A,D+4,4.059976098417495
Chicopee,4,A,D+8,8.320706495290208
Chicopee,6,B,R+6,-6.418876242988647
Chicopee,1,A,D+2,1.5731922135293508
Chicopee,1,B,D+3,3.109232648326443
Chicopee,2,B,D+2,2.2828788881283035
Chicopee,3,B,D+8,7.821754809059501
Chicopee,4,B,D+11,10.650640470082084
Chicopee,5,B,D+5,5.477628934867473
Chicopee,6,A,D+4,3.894339591710949
Chicopee,7,A,D+11,10.555085707375033
Chicopee,7,B,D+12,12.33819300421507
Chicopee,8,A,D+5,5.048460115026754
Chicopee,8,B,D+2,2.4542888946260333
Chicopee,9,A,D+5,4.60929254692698
Chicopee,9,B,D+2,1.5099639244946061
Chicopee,5,A,D+8,7.922588932319208
West Springfield,-,1,D+9,8.975233580766485
West Springfield,-,2,D+8,8.451657315678663
West Springfield,-,3,D+4,3.8098444501815876
West Springfield,-,4,D+4,3.8382072098781084
West Springfield,-,5,R+2,-2.0900473675444786
West Springfield,-,6,R+3,-3.3577888945244325
West Springfield,-,7,R+6,-6.067911498301282
West Springfield,-,8,D+5,4.576990583181373
Avon,-,1,D+6,5.89612212701044
Canton,-,1,D+12,11.646248693621008
Canton,-,2,D+12,11.681850732081855
Canton,-,3,D+13,13.093520909430566
Canton,-,4,D+7,7.0491762957215816
Canton,-,5,D+11,11.466958577883945
Canton,-,6,D+14,13.503918158096129
Stoughton,-,1,D+15,15.391385668819579
Stoughton,-,5,D+11,10.793572364142056
Stoughton,-,7,D+17,16.56861082111526
Stoughton,-,8,D+16,16.43116457422008
Stoughton,-,2,D+14,13.957123134534422
Stoughton,-,3,D+14,13.533587908864808
Stoughton,-,4,D+8,7.743691592121216
Stoughton,-,6,D+14,14.207327568659178
Hanson,-,1,R+5,-4.860066336517521
Hanson,-,2,R+4,-3.5742410157638957
Hanson,-,3,R+6,-6.32635626666429
Pembroke,-,1,D+1,0.541008331741244
Pembroke,-,2,R+1,-0.9624872549444552
Pembroke,-,3,R+1,-0.8647587244215882
Pembroke,-,4,EVEN,0.018437604074283964
Pembroke,-,5,EVEN,-0.0794558597556061
Charlton,-,1,R+4,-4.419203710607189
Charlton,-,2,R+10,-10.29674800276153
Charlton,-,3,R+8,-7.628838244094688
Charlton,-,4,R+5,-5.324443211713437
Dudley,-,1,R+6,-6.098203354360376
Dudley,-,2,R+8,-8.05314636017765
Dudley,-,3,R+8,-7.931935595169887
Southbridge,-,1,D+8,8.470143007019038
Southbridge,-,2,D+9,8.742915684853491
Southbridge,-,3,D+1,1.137138692642925
Southbridge,-,4,D+2,2.003556615774238
Southbridge,-,5,D+15,14.709123211466702
Salem,1,1,D+24,24.112599521329024
Salem,1,2,D+37,36.666545162035504
Salem,2,1,D+30,29.62846108005649
Salem,2,2,D+33,32.84738871026995
Salem,3,1,D+23,23.41604302834278
Salem,3,2,D+16,15.57632279293112
Salem,4,1,D+17,16.54467230128851
Salem,4,2,D+11,10.705120967243275
Salem,5,1,D+25,25.18424418523706
Salem,5,2,D+29,28.537438065896747
Salem,6,1,D+22,22.16348700783358
Salem,6,2,D+23,22.988759444996166
Salem,7,1,D+24,23.86845074433701
Salem,7,2,D+19,19.189185531466514
Ludlow,-,1,R+2,-2.464737654046539
Ludlow,-,2,D+2,2.016516133151236
Ludlow,-,3,R+11,-10.851221359883484
Ludlow,-,4,R+1,-0.8120713466839402
Ludlow,-,5,R+4,-4.4662993406680895
Ludlow,-,6,R+4,-3.759929114852645
Ashland,-,1,D+18,17.5920740921775
Ashland,-,2,D+18,17.75893285747433
Ashland,-,3,D+17,16.701155379639655
Ashland,-,4,D+17,16.838963015160523
Ashland,-,5,D+20,19.712247238673342
Abington,-,1,D+4,3.859804482156004
Abington,-,2,R+1,-0.6018218820145527
Abington,-,3,R+1,-0.6963466359681147
Abington,-,4,D+1,1.0614922844565333
Abington,-,5,D+3,2.7489697456898554
Whitman,-,1,D+1,1.2370759731452519
Whitman,-,2,R+3,-2.9937196024530985
Whitman,-,3,R+4,-3.787837999799865
Whitman,-,4,D+1,0.8587381621246726
Auburn,-,1,D+3,2.771503494677807
Auburn,-,2,D+3,3.278957811790406
Auburn,-,3,D+3,3.269720993391456
Auburn,-,4,D+5,5.098563254355204
Auburn,-,5,D+1,1.4532371855988657
Millbury,-,1,R+2,-1.7457111053739705
Millbury,-,2,R+3,-3.1180696188546575
Millbury,-,3,R+1,-0.9074047683464093
Millbury,-,4,D+2,1.6191058958066717
Westport,-,A,R+3,-2.7320962123481287
Westport,-,B,D+2,2.2050509110386862
Westport,-,C,R+5,-5.16149437981449
Westport,-,D,EVEN,-0.260562590522484
Westport,-,E,D+1,1.2687947876450667
Marblehead,-,1,D+21,20.548855576260515
Marblehead,-,2,D+21,20.660320855013158
Marblehead,-,3,D+18,17.96186200134935
Marblehead,-,4,D+18,17.892297944399782
Marblehead,-,5,D+18,17.983633623970764
Marblehead,-,6,D+19,18.662931449816256
Swampscott,-,1,D+11,11.43854649748829
Swampscott,-,2,D+21,21.089821562794686
Swampscott,-,3,D+19,19.06004989112272
Swampscott,-,4,D+23,23.31872188431675
Swampscott,-,5,D+17,17.37141868709877
Swampscott,-,6,D+21,20.515659810705465
Holliston,-,1,D+16,16.29219542057908
Holliston,-,2,D+20,19.88113758632114
Holliston,-,3,D+20,20.14694426185767
Holliston,-,4,D+17,17.192522687377433
Hopkinton,-,1,D+19,18.713370730953372
Hopkinton,-,2,D+15,14.68301483016572
Hopkinton,-,3,D+14,13.926626345103777
Hopkinton,-,4,D+17,16.53693238879479
Southborough,-,1,D+18,17.737971310602653
Southborough,-,2,D+16,16.00553528664912
Southborough,-,3,D+16,16.42011804035467
Sharon,-,1,D+25,25.401071582970435
Sharon,-,2,D+23,22.8983733325249
Sharon,-,3,D+25,25.09302804492297
Sharon,-,4,D+27,26.87093602241032
Sharon,-,5,D+21,20.67417282094447
Bridgewater,-,1,R+3,-3.3108790052032266
Bridgewater,-,2,R+1,-1.2468448922220432
Bridgewater,-,3,R+5,-5.005582547063591
Bridgewater,-,4,EVEN,-0.4050517647146257
Bridgewater,-,5,D+4,4.134438707360111
Bridgewater,-,6,D+6,5.673077305512775
Bridgewater,-,7,D+2,2.2190466038771284
Raynham,-,1,EVEN,0.19442193232004357
Raynham,-,1A,R+6,-5.8761458879826645
Raynham,-,2,R+4,-4.335352539636917
Raynham,-,2A,R+11,-10.724039278748581
Raynham,-,3,R+4,-4.387448137943334
Raynham,-,4,R+1,-1.0286675311875437
Bellingham,-,1,D+2,1.9071234942753534
Bellingham,-,2,EVEN,0.418963529420191
Bellingham,-,3,D+4,3.7718027213313188
Bellingham,-,4,R+1,-1.1655063272169697
Bellingham,-,4A,D+1,0.9969049283813036
Bellingham,-,5,R+3,-3.3887620550272723
Blackstone,-,1,R+4,-4.301733514337558
Blackstone,-,2,R+3,-3.4602616151052032
Blackstone,-,3,R+7,-7.078613497099889
Millville,-,1,R+8,-7.8913863709278385
Uxbridge,-,1,R+5,-5.1425201635314615
Uxbridge,-,2,D+2,2.116892476555998
Uxbridge,-,3,R+5,-4.5234888831517495
Uxbridge,-,4,R+2,-1.6082454717823658
Dartmouth,-,1,R+7,-6.882461277748137
Dartmouth,-,2,D+2,2.1765762846553516
Dartmouth,-,3,D+36,35.91386336271114
Dartmouth,-,4,D+5,5.023287384812236
Dartmouth,-,5,D+3,3.1970325263156796
Dartmouth,-,6,D+3,2.8447872915948413
Dartmouth,-,7,D+3,2.8397621154624186
Dartmouth,-,8,D+11,11.064378533983966
Dartmouth,-,9,D+9,8.613570331751774
Lincoln,-,1,D+34,33.615991022285606
Lincoln,-,2,D+28,28.234915307283437
Norfolk,-,1,D+5,4.814166850384993
Norfolk,-,2,D+8,7.795680266565396
Norfolk,-,3,D+6,6.3868190151079585
Plainville,-,1,D+3,3.200928640804279
Plainville,-,2,D+3,2.7148072791950417
Plainville,-,3,R+1,-0.6025101426784252
Wrentham,-,1,D+1,0.7393783578467095
Wrentham,-,2,EVEN,0.20689968883401688
Wrentham,-,3,D+5,4.705901797851841
Grafton,-,1,D+8,8.309316408382905
Grafton,-,2,D+10,10.029695152205464
Grafton,-,3,D+11,10.892178582875435
Grafton,-,4,D+7,6.744854932361877
Grafton,-,5,D+11,11.401427859203682
Northbridge,-,1,R+2,-1.7334230739166068
Northbridge,-,2,EVEN,-0.27118027427477376
Northbridge,-,3,R+1,-1.1884090190635965
Northbridge,-,4,R+4,-4.2696727667158205
Upton,-,1,D+8,8.316854066680257
Upton,-,2,D+6,6.044467466054604
Aquinnah,-,1,D+37,37.12499265894682
Chilmark,-,1,D+36,35.58432597744432
Edgartown,-,1,D+19,19.119587734947174
Gosnold,-,1,D+14,13.502515844980644
Nantucket,-,1,D+19,19.405657044402425
Oak Bluffs,-,1,D+24,23.73039982011884
Tisbury,-,1,D+29,28.620730553256692
West Tisbury,-,1,D+33,32.65559852979909
