election_date,party,party_abbr,office,district,district_display,city_town,candidate_name,candidate_city_town,is_incumbent,votes,town_total_votes,percent,precincts_reporting,precincts_total,eevp,race_call_status,results_final,snapshot_time,last_updated
2026-09-01,Democratic,D,State Representative,First Berkshire,1st Berkshire,Adams,John Barrett,North Adams,1,774,1350,0.5733333333333334,5,5,98.99,Called,0,2026-09-03T10:54:25.372Z,2026-09-02T14:43:34.816000Z
2026-09-01,Democratic,D,State Representative,First Berkshire,1st Berkshire,Adams,Andrew J. Fitch,North Adams,0,576,1350,0.4266666666666667,5,5,98.99,Called,0,2026-09-03T10:54:25.372Z,2026-09-02T14:43:34.816000Z
2026-09-01,Democratic,D,State Representative,First Berkshire,1st Berkshire,Cheshire,John Barrett,North Adams,1,267,472,0.565677966101695,1,1,98.99,Called,0,2026-09-03T10:54:25.372Z,2026-09-02T14:43:34.816000Z
2026-09-01,Democratic,D,State Representative,First Berkshire,1st Berkshire,Cheshire,Andrew J. Fitch,North Adams,0,205,472,0.4343220338983051,1,1,98.99,Called,0,2026-09-03T10:54:25.372Z,2026-09-02T14:43:34.816000Z
2026-09-01,Democratic,D,State Representative,First Berkshire,1st Berkshire,Clarksburg,John Barrett,North Adams,1,163,288,0.5659722222222222,1,1,98.99,Called,0,2026-09-03T10:54:25.372Z,2026-09-02T14:43:34.816000Z
2026-09-01,Democratic,D,State Representative,First Berkshire,1st Berkshire,Clarksburg,Andrew J. Fitch,North Adams,0,125,288,0.4340277777777778,1,1,98.99,Called,0,2026-09-03T10:54:25.372Z,2026-09-02T14:43:34.816000Z
2026-09-01,Democratic,D,State Representative,First Berkshire,1st Berkshire,Florida,John Barrett,North Adams,1,48,88,0.5454545454545454,1,1,98.99,Called,0,2026-09-03T10:54:25.372Z,2026-09-02T14:43:34.816000Z
2026-09-01,Democratic,D,State Representative,First Berkshire,1st Berkshire,Florida,Andrew J. Fitch,North Adams,0,40,88,0.4545454545454545,1,1,98.99,Called,0,2026-09-03T10:54:25.372Z,2026-09-02T14:43:34.816000Z
2026-09-01,Democratic,D,State Representative,First Berkshire,1st Berkshire,Hancock,John Barrett,North Adams,1,53,102,0.5196078431372549,1,1,98.99,Called,0,2026-09-03T10:54:25.372Z,2026-09-02T14:43:34.816000Z
2026-09-01,Democratic,D,State Representative,First Berkshire,1st Berkshire,Hancock,Andrew J. Fitch,North Adams,0,49,102,0.4803921568627451,1,1,98.99,Called,0,2026-09-03T10:54:25.372Z,2026-09-02T14:43:34.816000Z
2026-09-01,Democratic,D,State Representative,First Berkshire,1st Berkshire,Hinsdale,John Barrett,North Adams,1,157,270,0.5814814814814815,1,1,98.99,Called,0,2026-09-03T10:54:25.372Z,2026-09-02T17:45:51.342000Z
2026-09-01,Democratic,D,State Representative,First Berkshire,1st Berkshire,Hinsdale,Andrew J. Fitch,North Adams,0,113,270,0.4185185185185185,1,1,98.99,Called,0,2026-09-03T10:54:25.372Z,2026-09-02T17:45:51.342000Z
2026-09-01,Democratic,D,State Representative,First Berkshire,1st Berkshire,Lanesborough,John Barrett,North Adams,1,231,459,0.5032679738562091,1,1,98.99,Called,0,2026-09-03T10:54:25.372Z,2026-09-02T14:43:34.816000Z
2026-09-01,Democratic,D,State Representative,First Berkshire,1st Berkshire,Lanesborough,Andrew J. Fitch,North Adams,0,228,459,0.4967320261437908,1,1,98.99,Called,0,2026-09-03T10:54:25.372Z,2026-09-02T14:43:34.816000Z
2026-09-01,Democratic,D,State Representative,First Berkshire,1st Berkshire,New Ashford,John Barrett,North Adams,1,18,33,0.5454545454545454,1,1,98.99,Called,0,2026-09-03T10:54:25.372Z,2026-09-02T14:43:34.816000Z
2026-09-01,Democratic,D,State Representative,First Berkshire,1st Berkshire,New Ashford,Andrew J. Fitch,North Adams,0,15,33,0.4545454545454545,1,1,98.99,Called,0,2026-09-03T10:54:25.372Z,2026-09-02T14:43:34.816000Z
2026-09-01,Democratic,D,State Representative,First Berkshire,1st Berkshire,North Adams,John Barrett,North Adams,1,1161,2278,0.509657594381036,5,5,98.99,Called,0,2026-09-03T10:54:25.372Z,2026-09-02T14:43:34.816000Z
2026-09-01,Democratic,D,State Representative,First Berkshire,1st Berkshire,North Adams,Andrew J. Fitch,North Adams,0,1117,2278,0.490342405618964,5,5,98.99,Called,0,2026-09-03T10:54:25.372Z,2026-09-02T14:43:34.816000Z
2026-09-01,Democratic,D,State Representative,First Berkshire,1st Berkshire,Peru,John Barrett,North Adams,1,62,89,0.6966292134831461,1,1,98.99,Called,0,2026-09-03T10:54:25.372Z,2026-09-02T14:43:34.816000Z
2026-09-01,Democratic,D,State Representative,First Berkshire,1st Berkshire,Peru,Andrew J. Fitch,North Adams,0,27,89,0.3033707865168539,1,1,98.99,Called,0,2026-09-03T10:54:25.372Z,2026-09-02T14:43:34.816000Z
2026-09-01,Democratic,D,State Representative,First Berkshire,1st Berkshire,Savoy,Andrew J. Fitch,North Adams,0,36,70,0.5142857142857142,1,1,98.99,Called,0,2026-09-03T10:54:25.372Z,2026-09-02T14:43:34.816000Z
2026-09-01,Democratic,D,State Representative,First Berkshire,1st Berkshire,Savoy,John Barrett,North Adams,1,34,70,0.4857142857142857,1,1,98.99,Called,0,2026-09-03T10:54:25.372Z,2026-09-02T14:43:34.816000Z
2026-09-01,Democratic,D,State Representative,First Berkshire,1st Berkshire,Williamstown,Andrew J. Fitch,North Adams,0,920,1531,0.6009144350097975,3,3,98.99,Called,0,2026-09-03T10:54:25.372Z,2026-09-02T14:43:34.816000Z
2026-09-01,Democratic,D,State Representative,First Berkshire,1st Berkshire,Williamstown,John Barrett,North Adams,1,611,1531,0.3990855649902025,3,3,98.99,Called,0,2026-09-03T10:54:25.372Z,2026-09-02T14:43:34.816000Z
2026-09-01,Democratic,D,State Representative,First Berkshire,1st Berkshire,Windsor,John Barrett,North Adams,1,86,141,0.6099290780141844,1,1,98.99,Called,0,2026-09-03T10:54:25.372Z,2026-09-02T14:43:34.816000Z
2026-09-01,Democratic,D,State Representative,First Berkshire,1st Berkshire,Windsor,Andrew J. Fitch,North Adams,0,55,141,0.3900709219858156,1,1,98.99,Called,0,2026-09-03T10:54:25.372Z,2026-09-02T14:43:34.816000Z
2026-09-01,Democratic,D,State Representative,First Franklin,1st Franklin,Ashfield,Lora L. Wondolowski,Greenfield,0,236,456,0.5175438596491229,1,1,98.98,Too Early to Call,0,2026-09-03T10:54:25.372Z,2026-09-02T02:14:14.484000Z
2026-09-01,Democratic,D,State Representative,First Franklin,1st Franklin,Ashfield,Corinne Ellen Coryat,Deerfield,0,220,456,0.4824561403508772,1,1,98.98,Too Early to Call,0,2026-09-03T10:54:25.372Z,2026-09-02T02:14:14.484000Z
2026-09-01,Democratic,D,State Representative,First Franklin,1st Franklin,Bernardston,Corinne Ellen Coryat,Deerfield,0,191,335,0.5701492537313433,1,1,98.98,Too Early to Call,0,2026-09-03T10:54:25.372Z,2026-09-02T03:35:05.895000Z
2026-09-01,Democratic,D,State Representative,First Franklin,1st Franklin,Bernardston,Lora L. Wondolowski,Greenfield,0,144,335,0.4298507462686567,1,1,98.98,Too Early to Call,0,2026-09-03T10:54:25.372Z,2026-09-02T03:35:05.895000Z
2026-09-01,Democratic,D,State Representative,First Franklin,1st Franklin,Buckland,Corinne Ellen Coryat,Deerfield,0,231,407,0.5675675675675675,1,1,98.98,Too Early to Call,0,2026-09-03T10:54:25.372Z,2026-09-02T05:31:24.270000Z
2026-09-01,Democratic,D,State Representative,First Franklin,1st Franklin,Buckland,Lora L. Wondolowski,Greenfield,0,176,407,0.4324324324324324,1,1,98.98,Too Early to Call,0,2026-09-03T10:54:25.372Z,2026-09-02T05:31:24.270000Z
2026-09-01,Democratic,D,State Representative,First Franklin,1st Franklin,Charlemont,Corinne Ellen Coryat,Deerfield,0,124,220,0.5636363636363636,1,1,98.98,Too Early to Call,0,2026-09-03T10:54:25.372Z,2026-09-02T05:05:46.148000Z
2026-09-01,Democratic,D,State Representative,First Franklin,1st Franklin,Charlemont,Lora L. Wondolowski,Greenfield,0,96,220,0.4363636363636363,1,1,98.98,Too Early to Call,0,2026-09-03T10:54:25.372Z,2026-09-02T05:05:46.148000Z
2026-09-01,Democratic,D,State Representative,First Franklin,1st Franklin,Colrain,Lora L. Wondolowski,Greenfield,0,174,287,0.6062717770034843,1,1,98.98,Too Early to Call,0,2026-09-03T10:54:25.372Z,2026-09-02T18:10:37.246000Z
2026-09-01,Democratic,D,State Representative,First Franklin,1st Franklin,Colrain,Corinne Ellen Coryat,Deerfield,0,113,287,0.3937282229965156,1,1,98.98,Too Early to Call,0,2026-09-03T10:54:25.372Z,2026-09-02T18:10:37.246000Z
2026-09-01,Democratic,D,State Representative,First Franklin,1st Franklin,Conway,Corinne Ellen Coryat,Deerfield,0,233,446,0.5224215246636771,1,1,98.98,Too Early to Call,0,2026-09-03T10:54:25.372Z,2026-09-02T13:54:09.894000Z
2026-09-01,Democratic,D,State Representative,First Franklin,1st Franklin,Conway,Lora L. Wondolowski,Greenfield,0,213,446,0.4775784753363228,1,1,98.98,Too Early to Call,0,2026-09-03T10:54:25.372Z,2026-09-02T13:54:09.894000Z
2026-09-01,Democratic,D,State Representative,First Franklin,1st Franklin,Deerfield,Corinne Ellen Coryat,Deerfield,0,670,1141,0.5872042068361086,1,1,98.98,Too Early to Call,0,2026-09-03T10:54:25.372Z,2026-09-02T02:39:01.486000Z
2026-09-01,Democratic,D,State Representative,First Franklin,1st Franklin,Deerfield,Lora L. Wondolowski,Greenfield,0,471,1141,0.4127957931638913,1,1,98.98,Too Early to Call,0,2026-09-03T10:54:25.372Z,2026-09-02T02:39:01.486000Z
2026-09-01,Democratic,D,State Representative,First Franklin,1st Franklin,Greenfield,Lora L. Wondolowski,Greenfield,0,844,1360,0.6205882352941177,4,4,98.98,Too Early to Call,0,2026-09-03T10:54:25.372Z,2026-09-02T04:09:15.257000Z
2026-09-01,Democratic,D,State Representative,First Franklin,1st Franklin,Greenfield,Corinne Ellen Coryat,Deerfield,0,516,1360,0.3794117647058823,4,4,98.98,Too Early to Call,0,2026-09-03T10:54:25.372Z,2026-09-02T04:09:15.257000Z
2026-09-01,Democratic,D,State Representative,First Franklin,1st Franklin,Hawley,Corinne Ellen Coryat,Deerfield,0,33,59,0.559322033898305,1,1,98.98,Too Early to Call,0,2026-09-03T10:54:25.372Z,2026-09-02T03:50:24.143000Z
2026-09-01,Democratic,D,State Representative,First Franklin,1st Franklin,Hawley,Lora L. Wondolowski,Greenfield,0,26,59,0.4406779661016949,1,1,98.98,Too Early to Call,0,2026-09-03T10:54:25.372Z,2026-09-02T03:50:24.143000Z
2026-09-01,Democratic,D,State Representative,First Franklin,1st Franklin,Heath,Corinne Ellen Coryat,Deerfield,0,80,127,0.6299212598425197,1,1,98.98,Too Early to Call,0,2026-09-03T10:54:25.372Z,2026-09-02T13:53:59.877000Z
2026-09-01,Democratic,D,State Representative,First Franklin,1st Franklin,Heath,Lora L. Wondolowski,Greenfield,0,47,127,0.3700787401574803,1,1,98.98,Too Early to Call,0,2026-09-03T10:54:25.372Z,2026-09-02T13:53:59.877000Z
2026-09-01,Democratic,D,State Representative,First Franklin,1st Franklin,Leverett,Lora L. Wondolowski,Greenfield,0,287,496,0.5786290322580645,1,1,98.98,Too Early to Call,0,2026-09-03T10:54:25.372Z,2026-09-02T02:42:01.712000Z
2026-09-01,Democratic,D,State Representative,First Franklin,1st Franklin,Leverett,Corinne Ellen Coryat,Deerfield,0,209,496,0.4213709677419355,1,1,98.98,Too Early to Call,0,2026-09-03T10:54:25.372Z,2026-09-02T02:42:01.712000Z
2026-09-01,Democratic,D,State Representative,First Franklin,1st Franklin,Leyden,Lora L. Wondolowski,Greenfield,0,97,163,0.5950920245398773,1,1,98.98,Too Early to Call,0,2026-09-03T10:54:25.372Z,2026-09-02T03:27:13.101000Z
2026-09-01,Democratic,D,State Representative,First Franklin,1st Franklin,Leyden,Corinne Ellen Coryat,Deerfield,0,66,163,0.4049079754601227,1,1,98.98,Too Early to Call,0,2026-09-03T10:54:25.372Z,2026-09-02T03:27:13.101000Z
2026-09-01,Democratic,D,State Representative,First Franklin,1st Franklin,Monroe,Lora L. Wondolowski,Greenfield,0,11,18,0.6111111111111112,1,1,98.98,Too Early to Call,0,2026-09-03T10:54:25.372Z,2026-09-02T14:57:21.487000Z
2026-09-01,Democratic,D,State Representative,First Franklin,1st Franklin,Monroe,Corinne Ellen Coryat,Deerfield,0,7,18,0.3888888888888889,1,1,98.98,Too Early to Call,0,2026-09-03T10:54:25.372Z,2026-09-02T14:57:21.487000Z
2026-09-01,Democratic,D,State Representative,First Franklin,1st Franklin,Montague,Lora L. Wondolowski,Greenfield,0,856,1557,0.5497752087347463,6,6,98.98,Too Early to Call,0,2026-09-03T10:54:25.372Z,2026-09-02T04:04:44.665000Z
2026-09-01,Democratic,D,State Representative,First Franklin,1st Franklin,Montague,Corinne Ellen Coryat,Deerfield,0,701,1557,0.4502247912652536,6,6,98.98,Too Early to Call,0,2026-09-03T10:54:25.372Z,2026-09-02T04:04:44.665000Z
2026-09-01,Democratic,D,State Representative,First Franklin,1st Franklin,Rowe,Lora L. Wondolowski,Greenfield,0,40,75,0.5333333333333333,1,1,98.98,Too Early to Call,0,2026-09-03T10:54:25.372Z,2026-09-02T02:10:09.405000Z
2026-09-01,Democratic,D,State Representative,First Franklin,1st Franklin,Rowe,Corinne Ellen Coryat,Deerfield,0,35,75,0.4666666666666667,1,1,98.98,Too Early to Call,0,2026-09-03T10:54:25.372Z,2026-09-02T02:10:09.405000Z
2026-09-01,Democratic,D,State Representative,First Franklin,1st Franklin,Shelburne,Corinne Ellen Coryat,Deerfield,0,249,462,0.538961038961039,1,1,98.98,Too Early to Call,0,2026-09-03T10:54:25.372Z,2026-09-02T17:34:11.367000Z
2026-09-01,Democratic,D,State Representative,First Franklin,1st Franklin,Shelburne,Lora L. Wondolowski,Greenfield,0,213,462,0.461038961038961,1,1,98.98,Too Early to Call,0,2026-09-03T10:54:25.372Z,2026-09-02T17:34:11.367000Z
2026-09-01,Democratic,D,State Representative,First Franklin,1st Franklin,Sunderland,Corinne Ellen Coryat,Deerfield,0,349,657,0.5312024353120244,1,1,98.98,Too Early to Call,0,2026-09-03T10:54:25.372Z,2026-09-02T03:30:49.819000Z
2026-09-01,Democratic,D,State Representative,First Franklin,1st Franklin,Sunderland,Lora L. Wondolowski,Greenfield,0,308,657,0.4687975646879756,1,1,98.98,Too Early to Call,0,2026-09-03T10:54:25.372Z,2026-09-02T03:30:49.819000Z
2026-09-01,Democratic,D,State Representative,First Franklin,1st Franklin,Whately,Corinne Ellen Coryat,Deerfield,0,225,336,0.6696428571428571,1,1,98.98,Too Early to Call,0,2026-09-03T10:54:25.372Z,2026-09-02T03:27:23.081000Z
2026-09-01,Democratic,D,State Representative,First Franklin,1st Franklin,Whately,Lora L. Wondolowski,Greenfield,0,111,336,0.3303571428571428,1,1,98.98,Too Early to Call,0,2026-09-03T10:54:25.372Z,2026-09-02T03:27:23.081000Z
2026-09-01,Democratic,D,State Representative,Ninth Bristol,9th Bristol,Dartmouth,Edward M. Pacheco,Dartmouth,0,2082,4142,0.5026557218734911,9,9,98.99,Too Early to Call,0,2026-09-03T10:54:25.372Z,2026-09-02T19:42:49.948000Z
2026-09-01,Democratic,D,State Representative,Ninth Bristol,9th Bristol,Dartmouth,Stephen J. Medeiros,Dartmouth,0,2060,4142,0.4973442781265089,9,9,98.99,Too Early to Call,0,2026-09-03T10:54:25.372Z,2026-09-02T19:42:49.948000Z
2026-09-01,Democratic,D,State Representative,Ninth Bristol,9th Bristol,New Bedford,Stephen J. Medeiros,Dartmouth,0,395,782,0.5051150895140665,3,3,98.99,Too Early to Call,0,2026-09-03T10:54:25.372Z,2026-09-02T03:41:11.060000Z
2026-09-01,Democratic,D,State Representative,Ninth Bristol,9th Bristol,New Bedford,Edward M. Pacheco,Dartmouth,0,387,782,0.4948849104859335,3,3,98.99,Too Early to Call,0,2026-09-03T10:54:25.372Z,2026-09-02T03:41:11.060000Z
2026-09-01,Republican,R,State Senate,First Bristol and Plymouth,1st Bristol and Plymouth,Fall River,Gabriel Boomer Amaral,Fall River,0,1321,1976,0.6685222672064778,27,27,99.0,Called,0,2026-09-03T10:54:25.813Z,2026-09-02T17:08:03.437000Z
2026-09-01,Republican,R,State Senate,First Bristol and Plymouth,1st Bristol and Plymouth,Fall River,Manny Silva,Somerset,0,655,1976,0.3314777327935223,27,27,99.0,Called,0,2026-09-03T10:54:25.813Z,2026-09-02T17:08:03.437000Z
2026-09-01,Republican,R,State Senate,First Bristol and Plymouth,1st Bristol and Plymouth,Freetown,Gabriel Boomer Amaral,Fall River,0,349,670,0.5208955223880597,3,3,99.0,Called,0,2026-09-03T10:54:25.813Z,2026-09-02T17:08:03.437000Z
2026-09-01,Republican,R,State Senate,First Bristol and Plymouth,1st Bristol and Plymouth,Freetown,Manny Silva,Somerset,0,321,670,0.4791044776119403,3,3,99.0,Called,0,2026-09-03T10:54:25.813Z,2026-09-02T17:08:03.437000Z
2026-09-01,Republican,R,State Senate,First Bristol and Plymouth,1st Bristol and Plymouth,Lakeville,Gabriel Boomer Amaral,Fall River,0,460,917,0.5016357688113413,3,3,99.0,Called,0,2026-09-03T10:54:25.813Z,2026-09-02T17:08:03.437000Z
2026-09-01,Republican,R,State Senate,First Bristol and Plymouth,1st Bristol and Plymouth,Lakeville,Manny Silva,Somerset,0,457,917,0.4983642311886587,3,3,99.0,Called,0,2026-09-03T10:54:25.813Z,2026-09-02T17:08:03.437000Z
2026-09-01,Republican,R,State Senate,First Bristol and Plymouth,1st Bristol and Plymouth,Rochester,Manny Silva,Somerset,0,391,596,0.6560402684563759,1,1,99.0,Called,0,2026-09-03T10:54:25.813Z,2026-09-02T17:08:03.437000Z
2026-09-01,Republican,R,State Senate,First Bristol and Plymouth,1st Bristol and Plymouth,Rochester,Gabriel Boomer Amaral,Fall River,0,205,596,0.3439597315436241,1,1,99.0,Called,0,2026-09-03T10:54:25.813Z,2026-09-02T17:08:03.437000Z
2026-09-01,Republican,R,State Senate,First Bristol and Plymouth,1st Bristol and Plymouth,Somerset,Manny Silva,Somerset,0,628,934,0.6723768736616702,5,5,99.0,Called,0,2026-09-03T10:54:25.813Z,2026-09-02T17:08:03.437000Z
2026-09-01,Republican,R,State Senate,First Bristol and Plymouth,1st Bristol and Plymouth,Somerset,Gabriel Boomer Amaral,Fall River,0,306,934,0.3276231263383297,5,5,99.0,Called,0,2026-09-03T10:54:25.813Z,2026-09-02T17:08:03.437000Z
2026-09-01,Republican,R,State Senate,First Bristol and Plymouth,1st Bristol and Plymouth,Swansea,Manny Silva,Somerset,0,525,826,0.635593220338983,5,5,99.0,Called,0,2026-09-03T10:54:25.813Z,2026-09-02T17:08:03.437000Z
2026-09-01,Republican,R,State Senate,First Bristol and Plymouth,1st Bristol and Plymouth,Swansea,Gabriel Boomer Amaral,Fall River,0,301,826,0.3644067796610169,5,5,99.0,Called,0,2026-09-03T10:54:25.813Z,2026-09-02T17:08:03.437000Z
2026-09-01,Republican,R,State Senate,First Bristol and Plymouth,1st Bristol and Plymouth,Westport,Gabriel Boomer Amaral,Fall River,0,616,1113,0.5534591194968553,5,5,99.0,Called,0,2026-09-03T10:54:25.813Z,2026-09-02T17:08:03.437000Z
2026-09-01,Republican,R,State Senate,First Bristol and Plymouth,1st Bristol and Plymouth,Westport,Manny Silva,Somerset,0,497,1113,0.4465408805031446,5,5,99.0,Called,0,2026-09-03T10:54:25.813Z,2026-09-02T17:08:03.437000Z
2026-09-01,Democratic,D,State Senate,Norfolk and Suffolk,Norfolk and Suffolk,Boston,Persis S. Yu,Boston,0,9201,16013,0.5745956410416536,39,39,97.94,Called,0,2026-09-03T10:54:25.372Z,2026-09-02T16:41:12.490000Z
2026-09-01,Democratic,D,State Senate,Norfolk and Suffolk,Norfolk and Suffolk,Boston,Michael F. Rush,Boston,1,6812,16013,0.4254043589583463,39,39,97.94,Called,0,2026-09-03T10:54:25.372Z,2026-09-02T16:41:12.490000Z
2026-09-01,Democratic,D,State Senate,Norfolk and Suffolk,Norfolk and Suffolk,Dedham,Michael F. Rush,Boston,1,2349,4408,0.5328947368421053,7,7,97.94,Called,0,2026-09-03T10:54:25.372Z,2026-09-02T16:41:12.490000Z
2026-09-01,Democratic,D,State Senate,Norfolk and Suffolk,Norfolk and Suffolk,Dedham,Persis S. Yu,Boston,0,2059,4408,0.4671052631578947,7,7,97.94,Called,0,2026-09-03T10:54:25.372Z,2026-09-02T16:41:12.490000Z
2026-09-01,Democratic,D,State Senate,Norfolk and Suffolk,Norfolk and Suffolk,Norwood,Michael F. Rush,Boston,1,2463,4077,0.6041206769683591,9,9,97.94,Called,0,2026-09-03T10:54:25.372Z,2026-09-02T16:41:12.490000Z
2026-09-01,Democratic,D,State Senate,Norfolk and Suffolk,Norfolk and Suffolk,Norwood,Persis S. Yu,Boston,0,1614,4077,0.3958793230316409,9,9,97.94,Called,0,2026-09-03T10:54:25.372Z,2026-09-02T16:41:12.490000Z
2026-09-01,Democratic,D,State Senate,Norfolk and Suffolk,Norfolk and Suffolk,Walpole,Michael F. Rush,Boston,1,1911,3529,0.5415131765372627,10,10,97.94,Called,0,2026-09-03T10:54:25.372Z,2026-09-02T16:41:12.490000Z
2026-09-01,Democratic,D,State Senate,Norfolk and Suffolk,Norfolk and Suffolk,Walpole,Persis S. Yu,Boston,0,1618,3529,0.4584868234627373,10,10,97.94,Called,0,2026-09-03T10:54:25.372Z,2026-09-02T16:41:12.490000Z
2026-09-01,Democratic,D,State Senate,Norfolk and Suffolk,Norfolk and Suffolk,Westwood,Michael F. Rush,Boston,1,1421,2538,0.5598896769109535,5,5,97.94,Called,0,2026-09-03T10:54:25.372Z,2026-09-02T16:41:12.490000Z
2026-09-01,Democratic,D,State Senate,Norfolk and Suffolk,Norfolk and Suffolk,Westwood,Persis S. Yu,Boston,0,1117,2538,0.4401103230890465,5,5,97.94,Called,0,2026-09-03T10:54:25.372Z,2026-09-02T16:41:12.490000Z
2026-09-01,Democratic,D,State Senate,Suffolk and Middlesex,Suffolk and Middlesex,Belmont,William N. Brownsberger,Belmont,1,3974,5767,0.6890931160048552,8,8,98.73,Too Early to Call,0,2026-09-03T10:54:25.372Z,2026-09-02T03:48:49.333000Z
2026-09-01,Democratic,D,State Senate,Suffolk and Middlesex,Suffolk and Middlesex,Belmont,Daniel Lander,Boston,0,1793,5767,0.3109068839951447,8,8,98.73,Too Early to Call,0,2026-09-03T10:54:25.372Z,2026-09-02T03:48:49.333000Z
2026-09-01,Democratic,D,State Senate,Suffolk and Middlesex,Suffolk and Middlesex,Boston,Daniel Lander,Boston,0,5073,8385,0.6050089445438283,35,35,98.73,Too Early to Call,0,2026-09-03T10:54:25.372Z,2026-09-02T16:34:38.215000Z
2026-09-01,Democratic,D,State Senate,Suffolk and Middlesex,Suffolk and Middlesex,Boston,William N. Brownsberger,Belmont,1,3312,8385,0.3949910554561717,35,35,98.73,Too Early to Call,0,2026-09-03T10:54:25.372Z,2026-09-02T16:34:38.215000Z
2026-09-01,Democratic,D,State Senate,Suffolk and Middlesex,Suffolk and Middlesex,Cambridge,Daniel Lander,Boston,0,1862,3476,0.5356731875719217,4,4,98.73,Too Early to Call,0,2026-09-03T10:54:25.372Z,2026-09-02T21:50:46.457000Z
2026-09-01,Democratic,D,State Senate,Suffolk and Middlesex,Suffolk and Middlesex,Cambridge,William N. Brownsberger,Belmont,1,1614,3476,0.4643268124280783,4,4,98.73,Too Early to Call,0,2026-09-03T10:54:25.372Z,2026-09-02T21:50:46.457000Z
2026-09-01,Democratic,D,State Senate,Suffolk and Middlesex,Suffolk and Middlesex,Watertown,Daniel Lander,Boston,0,3404,6633,0.5131916176692296,12,12,98.73,Too Early to Call,0,2026-09-03T10:54:25.372Z,2026-09-02T03:27:35.780000Z
2026-09-01,Democratic,D,State Senate,Suffolk and Middlesex,Suffolk and Middlesex,Watertown,William N. Brownsberger,Belmont,1,3229,6633,0.4868083823307704,12,12,98.73,Too Early to Call,0,2026-09-03T10:54:25.372Z,2026-09-02T03:27:35.780000Z
